Godot Engine v4.7.2.stable.official.ed1daf0bf - https://godotengine.org

[   0% ] [90m[1mfirst_scan_filesystem[22m | Started 项目初始化 (5 steps)[39m[0m
[   0% ] [90m[1mfirst_scan_filesystem[22m | 正在扫描文件结构……[39m[0m
[  16% ] [90m[1mfirst_scan_filesystem[22m | 正在加载全局类名……[39m[0m
[  33% ] [90m[1mfirst_scan_filesystem[22m | 正在校验 GDExtension……[39m[0m
[  50% ] [90m[1mfirst_scan_filesystem[22m | 正在创建自动加载脚本……[39m[0m
[  66% ] [90m[1mfirst_scan_filesystem[22m | 正在初始化插件……[39m[0m
[  83% ] [90m[1mfirst_scan_filesystem[22m | 正在启动文件扫描……[39m[0m
[92m[ DONE ][39m [1mfirst_scan_filesystem[22m
[0m
[   0% ] [90m[1msavepack[22m | Started 打包中 (102 steps)[39m[0m
[   1% ] [90m[1msavepack[22m | 正在保存文件：res://.godot/imported/ambience.ogg-d71de00c831cf4cb724cc4936e6996d2.oggvorbisstr[39m[0m
[   1% ] [90m[1msavepack[22m | 正在保存文件：res://assets/audio/ambience.ogg.import[39m[0m
[   1% ] [90m[1msavepack[22m | 正在保存文件：res://.godot/imported/amb_drip_ward4.ogg-3cb73614af21ca7bed058bf7c82b244d.oggvorbisstr[39m[0m
[   1% ] [90m[1msavepack[22m | 正在保存文件：res://assets/audio/amb_drip_ward4.ogg.import[39m[0m
[   1% ] [90m[1msavepack[22m | 正在保存文件：res://.godot/imported/hum.ogg-03ea7c955b05ea3a60aa93227b7e130b.oggvorbisstr[39m[0m
[   1% ] [90m[1msavepack[22m | 正在保存文件：res://assets/audio/hum.ogg.import[39m[0m
[   1% ] [90m[1msavepack[22m | 正在保存文件：res://.godot/imported/prop_battery.glb-35b762a3cfd59eec78ed0d76e14991f9.scn[39m[0m
[   1% ] [90m[1msavepack[22m | 正在保存文件：res://assets/models/props/prop_battery.glb.import[39m[0m
[   1% ] [90m[1msavepack[22m | 正在保存文件：res://.godot/imported/prop_battery_aged_ivory_albedo.png-d9e634571390a82fb3c6970eda08a1e2.s3tc.ctex[39m[0m
[   1% ] [90m[1msavepack[22m | 正在保存文件：res://assets/models/props/prop_battery_aged_ivory_albedo.png.import[39m[0m
[   2% ] [90m[1msavepack[22m | 正在保存文件：res://.godot/imported/prop_battery_charcoal_steel_albedo.png-5f4c170098417933712a254334942f2c.s3tc.ctex[39m[0m
[   2% ] [90m[1msavepack[22m | 正在保存文件：res://assets/models/props/prop_battery_charcoal_steel_albedo.png.import[39m[0m
[   2% ] [90m[1msavepack[22m | 正在保存文件：res://.godot/imported/prop_battery_mustard_paint_albedo.png-98d983585a92251cdb20c406ff37e057.s3tc.ctex[39m[0m
[   2% ] [90m[1msavepack[22m | 正在保存文件：res://assets/models/props/prop_battery_mustard_paint_albedo.png.import[39m[0m
[   2% ] [90m[1msavepack[22m | 正在保存文件：res://.godot/imported/prop_battery_muted_brass_albedo.png-e5c76892f3b9307133c032e34fbfd74e.s3tc.ctex[39m[0m
[   2% ] [90m[1msavepack[22m | 正在保存文件：res://assets/models/props/prop_battery_muted_brass_albedo.png.import[39m[0m
[   2% ] [90m[1msavepack[22m | 正在保存文件：res://.godot/imported/prop_bedroom_door.glb-d186cb0fff7a50db8de7dcce0048df96.scn[39m[0m
[   2% ] [90m[1msavepack[22m | 正在保存文件：res://assets/models/props/prop_bedroom_door.glb.import[39m[0m
[   3% ] [90m[1msavepack[22m | 正在保存文件：res://.godot/imported/prop_bedroom_door_MutedBrass_albedo.png-28b53233ab801ebf5d5a11be6c84bded.s3tc.ctex[39m[0m
[   3% ] [90m[1msavepack[22m | 正在保存文件：res://assets/models/props/prop_bedroom_door_MutedBrass_albedo.png.import[39m[0m
[   3% ] [90m[1msavepack[22m | 正在保存文件：res://.godot/imported/prop_bedroom_door_WornHoneyWood_albedo.png-8cae3e44c68e6b3213eb7746b3ac318d.s3tc.ctex[39m[0m
[   3% ] [90m[1msavepack[22m | 正在保存文件：res://assets/models/props/prop_bedroom_door_WornHoneyWood_albedo.png.import[39m[0m
[   3% ] [90m[1msavepack[22m | 正在保存文件：res://.godot/imported/prop_bedroom_door_WornOlivePaint_albedo.png-506f575c04b2194a47a7f14b5e5b6c4b.s3tc.ctex[39m[0m
[   3% ] [90m[1msavepack[22m | 正在保存文件：res://assets/models/props/prop_bedroom_door_WornOlivePaint_albedo.png.import[39m[0m
[   3% ] [90m[1msavepack[22m | 正在保存文件：res://.godot/imported/prop_bed_frame.glb-c2dea22db27bf60ffcd080054cf080ec.scn[39m[0m
[   3% ] [90m[1msavepack[22m | 正在保存文件：res://assets/models/props/prop_bed_frame.glb.import[39m[0m
[   3% ] [90m[1msavepack[22m | 正在保存文件：res://.godot/imported/prop_bed_frame_worn_honey_wood_albedo.png-058cda46cdcad4c6b64f2a476b67a995.s3tc.ctex[39m[0m
[   3% ] [90m[1msavepack[22m | 正在保存文件：res://assets/models/props/prop_bed_frame_worn_honey_wood_albedo.png.import[39m[0m
[   4% ] [90m[1msavepack[22m | 正在保存文件：res://.godot/imported/prop_bigbot.glb-71fb7da590fe3c2ab3c895382bf4c977.scn[39m[0m
[   4% ] [90m[1msavepack[22m | 正在保存文件：res://assets/models/props/prop_bigbot.glb.import[39m[0m
[   4% ] [90m[1msavepack[22m | 正在保存文件：res://.godot/imported/prop_bigbot_prop_bigbot.jpg-cf280e5bba97564c0a30dd5c6fb69346.s3tc.ctex[39m[0m
[   4% ] [90m[1msavepack[22m | 正在保存文件：res://assets/models/props/prop_bigbot_prop_bigbot.jpg.import[39m[0m
[   4% ] [90m[1msavepack[22m | 正在保存文件：res://.godot/imported/prop_block_stack.glb-29d40f4dba74ad0c6ee63c49c63bdca4.scn[39m[0m
[   4% ] [90m[1msavepack[22m | 正在保存文件：res://assets/models/props/prop_block_stack.glb.import[39m[0m
[   4% ] [90m[1msavepack[22m | 正在保存文件：res://.godot/imported/prop_block_stack_charcoal_steel_albedo.png-3170b4173a1acb27929c4b2b85a4e348.s3tc.ctex[39m[0m
[   4% ] [90m[1msavepack[22m | 正在保存文件：res://assets/models/props/prop_block_stack_charcoal_steel_albedo.png.import[39m[0m
[   5% ] [90m[1msavepack[22m | 正在保存文件：res://.godot/imported/prop_block_stack_faded_brick_red_albedo.png-a7e0cf83386e13c6290c1da86a5d4983.s3tc.ctex[39m[0m
[   5% ] [90m[1msavepack[22m | 正在保存文件：res://assets/models/props/prop_block_stack_faded_brick_red_albedo.png.import[39m[0m
[   5% ] [90m[1msavepack[22m | 正在保存文件：res://.godot/imported/prop_block_stack_mustard_paint_albedo.png-217e205502592cb0eb605a412c87515d.s3tc.ctex[39m[0m
[   5% ] [90m[1msavepack[22m | 正在保存文件：res://assets/models/props/prop_block_stack_mustard_paint_albedo.png.import[39m[0m
[   5% ] [90m[1msavepack[22m | 正在保存文件：res://.godot/imported/prop_block_stack_worn_honey_wood_albedo.png-a1f1550af391080b4ee9ae6099aa7186.s3tc.ctex[39m[0m
[   5% ] [90m[1msavepack[22m | 正在保存文件：res://assets/models/props/prop_block_stack_worn_honey_wood_albedo.png.import[39m[0m
[   5% ] [90m[1msavepack[22m | 正在保存文件：res://.godot/imported/prop_car_head_tracks.glb-c9f3bfb24a5b29f0eb43d231b593bed8.scn[39m[0m
[   5% ] [90m[1msavepack[22m | 正在保存文件：res://assets/models/props/prop_car_head_tracks.glb.import[39m[0m
[   6% ] [90m[1msavepack[22m | 正在保存文件：res://.godot/imported/prop_car_head_tracks_CharcoalSteel_albedo.png-cfeb9b4b8fcb413aa972a9064e6f64a8.s3tc.ctex[39m[0m
[   6% ] [90m[1msavepack[22m | 正在保存文件：res://assets/models/props/prop_car_head_tracks_CharcoalSteel_albedo.png.import[39m[0m
[   6% ] [90m[1msavepack[22m | 正在保存文件：res://.godot/imported/prop_car_head_tracks_MutedBrass_albedo.png-a9272455b7cea9e8339e15ed782cca18.s3tc.ctex[39m[0m
[   6% ] [90m[1msavepack[22m | 正在保存文件：res://assets/models/props/prop_car_head_tracks_MutedBrass_albedo.png.import[39m[0m
[   6% ] [90m[1msavepack[22m | 正在保存文件：res://.godot/imported/prop_chair.glb-47161ea58a6a5254645da1aa1d4d1d7f.scn[39m[0m
[   6% ] [90m[1msavepack[22m | 正在保存文件：res://assets/models/props/prop_chair.glb.import[39m[0m
[   6% ] [90m[1msavepack[22m | 正在保存文件：res://.godot/imported/prop_chair_wooden+chair+3d+model_basecolor.jpg-0626f45960216b8cc0ca849b29750a1c.s3tc.ctex[39m[0m
[   6% ] [90m[1msavepack[22m | 正在保存文件：res://assets/models/props/prop_chair_wooden+chair+3d+model_basecolor.jpg.import[39m[0m
[   6% ] [90m[1msavepack[22m | 正在保存文件：res://.godot/imported/prop_clockwork_monkey.glb-b56c49dc8c099095cc1d5c695b25869b.scn[39m[0m
[   6% ] [90m[1msavepack[22m | 正在保存文件：res://assets/models/props/prop_clockwork_monkey.glb.import[39m[0m
[   7% ] [90m[1msavepack[22m | 正在保存文件：res://.godot/imported/prop_clockwork_monkey_vintage+tin+monkey+3d+model_basecolor.jpg-27cb5961fd9ffa332db557050c74878a.s3tc.ctex[39m[0m
[   7% ] [90m[1msavepack[22m | 正在保存文件：res://assets/models/props/prop_clockwork_monkey_vintage+tin+monkey+3d+model_basecolor.jpg.import[39m[0m
[   7% ] [90m[1msavepack[22m | 正在保存文件：res://.godot/imported/prop_clown_spring.glb-da41c368586f182034b63397f9c986bd.scn[39m[0m
[   7% ] [90m[1msavepack[22m | 正在保存文件：res://assets/models/props/prop_clown_spring.glb.import[39m[0m
[   7% ] [90m[1msavepack[22m | 正在保存文件：res://.godot/imported/prop_clown_spring_charcoal_steel_albedo.png-9a1090c63f27996b996b3727dfb79b7e.s3tc.ctex[39m[0m
[   7% ] [90m[1msavepack[22m | 正在保存文件：res://assets/models/props/prop_clown_spring_charcoal_steel_albedo.png.import[39m[0m
[   7% ] [90m[1msavepack[22m | 正在保存文件：res://.godot/imported/prop_coin.glb-f88c69bf14185ed2b94a7a012e79253b.scn[39m[0m
[   7% ] [90m[1msavepack[22m | 正在保存文件：res://assets/models/props/prop_coin.glb.import[39m[0m
[   8% ] [90m[1msavepack[22m | 正在保存文件：res://.godot/imported/prop_coin_aged_ivory_albedo.png-b9b8e760de9cfe29ef9b9563de377075.s3tc.ctex[39m[0m
[   8% ] [90m[1msavepack[22m | 正在保存文件：res://assets/models/props/prop_coin_aged_ivory_albedo.png.import[39m[0m
[   8% ] [90m[1msavepack[22m | 正在保存文件：res://.godot/imported/prop_coin_muted_brass_albedo.png-b8b67d682a00d25f56974409adebe478.s3tc.ctex[39m[0m
[   8% ] [90m[1msavepack[22m | 正在保存文件：res://assets/models/props/prop_coin_muted_brass_albedo.png.import[39m[0m
[   8% ] [90m[1msavepack[22m | 正在保存文件：res://.godot/imported/prop_desk_alarm_clock.glb-0bfc285564a01e39d8ea5412c7dd6575.scn[39m[0m
[   8% ] [90m[1msavepack[22m | 正在保存文件：res://assets/models/props/prop_desk_alarm_clock.glb.import[39m[0m
[   8% ] [90m[1msavepack[22m | 正在保存文件：res://.godot/imported/prop_desk_alarm_clock_aged_ivory_albedo.png-5c6a7eefad7fcc931d587478bb57b0a4.s3tc.ctex[39m[0m
[   8% ] [90m[1msavepack[22m | 正在保存文件：res://assets/models/props/prop_desk_alarm_clock_aged_ivory_albedo.png.import[39m[0m
[   9% ] [90m[1msavepack[22m | 正在保存文件：res://.godot/imported/prop_desk_alarm_clock_faded_navy_albedo.png-61a2a93ac56e2dc873eb1242a036a9d7.s3tc.ctex[39m[0m
[   9% ] [90m[1msavepack[22m | 正在保存文件：res://assets/models/props/prop_desk_alarm_clock_faded_navy_albedo.png.import[39m[0m
[   9% ] [90m[1msavepack[22m | 正在保存文件：res://.godot/imported/prop_desk_alarm_clock_old_rubber_albedo.png-85a212f39cb3bf1b03ae1adf9ebe05f0.s3tc.ctex[39m[0m
[   9% ] [90m[1msavepack[22m | 正在保存文件：res://assets/models/props/prop_desk_alarm_clock_old_rubber_albedo.png.import[39m[0m
[   9% ] [90m[1msavepack[22m | 正在保存文件：res://.godot/imported/prop_desk_birthday_card.glb-a9368f4fd3b9d7c2e12d8d01405a3d2a.scn[39m[0m
[   9% ] [90m[1msavepack[22m | 正在保存文件：res://assets/models/props/prop_desk_birthday_card.glb.import[39m[0m
[   9% ] [90m[1msavepack[22m | 正在保存文件：res://.godot/imported/prop_desk_birthday_card_aged_ivory_albedo.png-7d1198fcf87e6c37676a40ca09974c4d.ctex[39m[0m
[   9% ] [90m[1msavepack[22m | 正在保存文件：res://assets/models/props/prop_desk_birthday_card_aged_ivory_albedo.png.import[39m[0m
[   9% ] [90m[1msavepack[22m | 正在保存文件：res://.godot/imported/prop_desk_birthday_card_birthday_card_colour.png-88748ff63504b5d5bfb17fb438108cdc.ctex[39m[0m
[   9% ] [90m[1msavepack[22m | 正在保存文件：res://assets/models/props/prop_desk_birthday_card_birthday_card_colour.png.import[39m[0m
[  10% ] [90m[1msavepack[22m | 正在保存文件：res://.godot/imported/prop_desk_book_stack.glb-91b2d0e3e02527246cf95c29f35e2720.scn[39m[0m
[  10% ] [90m[1msavepack[22m | 正在保存文件：res://assets/models/props/prop_desk_book_stack.glb.import[39m[0m
[  10% ] [90m[1msavepack[22m | 正在保存文件：res://.godot/imported/prop_desk_book_stack_aged_ivory_albedo.png-32463963d8fa5e12405a76b570fb12d5.s3tc.ctex[39m[0m
[  10% ] [90m[1msavepack[22m | 正在保存文件：res://assets/models/props/prop_desk_book_stack_aged_ivory_albedo.png.import[39m[0m
[  10% ] [90m[1msavepack[22m | 正在保存文件：res://.godot/imported/prop_desk_book_stack_faded_brick_red_albedo.png-a4d8666a2c9d2f20b2f7f0ce61d7a79b.s3tc.ctex[39m[0m
[  10% ] [90m[1msavepack[22m | 正在保存文件：res://assets/models/props/prop_desk_book_stack_faded_brick_red_albedo.png.import[39m[0m
[  10% ] [90m[1msavepack[22m | 正在保存文件：res://.godot/imported/prop_desk_book_stack_faded_navy_albedo.png-6d95f0f8cf24a3439191faa474eb11e4.s3tc.ctex[39m[0m
[  10% ] [90m[1msavepack[22m | 正在保存文件：res://assets/models/props/prop_desk_book_stack_faded_navy_albedo.png.import[39m[0m
[  11% ] [90m[1msavepack[22m | 正在保存文件：res://.godot/imported/prop_desk_book_stack_old_olive_albedo.png-2daf14f73781bc5ae86179f1c062883d.s3tc.ctex[39m[0m
[  11% ] [90m[1msavepack[22m | 正在保存文件：res://assets/models/props/prop_desk_book_stack_old_olive_albedo.png.import[39m[0m
[  11% ] [90m[1msavepack[22m | 正在保存文件：res://.godot/imported/prop_desk_broken_edge.glb-452d30b4ba7daac64899ff08d4ee58f5.scn[39m[0m
[  11% ] [90m[1msavepack[22m | 正在保存文件：res://assets/models/props/prop_desk_broken_edge.glb.import[39m[0m
[  11% ] [90m[1msavepack[22m | 正在保存文件：res://.godot/imported/prop_desk_broken_edge_worn_honey_wood_albedo.png-3c2ebecf83d96fbe92e767a9c71a2ce8.s3tc.ctex[39m[0m
[  11% ] [90m[1msavepack[22m | 正在保存文件：res://assets/models/props/prop_desk_broken_edge_worn_honey_wood_albedo.png.import[39m[0m
[  11% ] [90m[1msavepack[22m | 正在保存文件：res://.godot/imported/prop_desk_calculator.glb-28d34b85019613b8bedb2ce3caf95e90.scn[39m[0m
[  11% ] [90m[1msavepack[22m | 正在保存文件：res://assets/models/props/prop_desk_calculator.glb.import[39m[0m
[  12% ] [90m[1msavepack[22m | 正在保存文件：res://.godot/imported/prop_desk_calculator_aged_ivory_albedo.png-9aff95460d5bb0e1f5374ad7b22a517d.s3tc.ctex[39m[0m
[  12% ] [90m[1msavepack[22m | 正在保存文件：res://assets/models/props/prop_desk_calculator_aged_ivory_albedo.png.import[39m[0m
[  12% ] [90m[1msavepack[22m | 正在保存文件：res://.godot/imported/prop_desk_calculator_charcoal_steel_albedo.png-07bc59ef101e9e4de8e3920cd5c7d1e2.s3tc.ctex[39m[0m
[  12% ] [90m[1msavepack[22m | 正在保存文件：res://assets/models/props/prop_desk_calculator_charcoal_steel_albedo.png.import[39m[0m
[  12% ] [90m[1msavepack[22m | 正在保存文件：res://.godot/imported/prop_desk_calculator_old_rubber_albedo.png-af074ddab05d38f37a5b7a77512aa546.s3tc.ctex[39m[0m
[  12% ] [90m[1msavepack[22m | 正在保存文件：res://assets/models/props/prop_desk_calculator_old_rubber_albedo.png.import[39m[0m
[  12% ] [90m[1msavepack[22m | 正在保存文件：res://.godot/imported/prop_desk_cartridge.glb-fad602858ecf30d21728fabe2230adba.scn[39m[0m
[  12% ] [90m[1msavepack[22m | 正在保存文件：res://assets/models/props/prop_desk_cartridge.glb.import[39m[0m
[  12% ] [90m[1msavepack[22m | 正在保存文件：res://.godot/imported/prop_desk_cartridge_aged_ivory_albedo.png-333be0d40abb68407b374a875b3d218b.s3tc.ctex[39m[0m
[  12% ] [90m[1msavepack[22m | 正在保存文件：res://assets/models/props/prop_desk_cartridge_aged_ivory_albedo.png.import[39m[0m
[  13% ] [90m[1msavepack[22m | 正在保存文件：res://.godot/imported/prop_desk_cartridge_charcoal_steel_albedo.png-ef46090e62c7e84627cb54bf9d8eb75a.s3tc.ctex[39m[0m
[  13% ] [90m[1msavepack[22m | 正在保存文件：res://assets/models/props/prop_desk_cartridge_charcoal_steel_albedo.png.import[39m[0m
[  13% ] [90m[1msavepack[22m | 正在保存文件：res://.godot/imported/prop_desk_certificate.glb-d8fc353d7640c9aebe5a64712a03bd09.scn[39m[0m
[  13% ] [90m[1msavepack[22m | 正在保存文件：res://assets/models/props/prop_desk_certificate.glb.import[39m[0m
[  13% ] [90m[1msavepack[22m | 正在保存文件：res://.godot/imported/prop_desk_certificate_aged_ivory_albedo.png-823f065ed7faf1ad7921cbe45626dc08.s3tc.ctex[39m[0m
[  13% ] [90m[1msavepack[22m | 正在保存文件：res://assets/models/props/prop_desk_certificate_aged_ivory_albedo.png.import[39m[0m
[  13% ] [90m[1msavepack[22m | 正在保存文件：res://.godot/imported/prop_desk_certificate_certificate_colour.png-1d8e7eaf14be61074e3ba34bc70a2767.s3tc.ctex[39m[0m
[  13% ] [90m[1msavepack[22m | 正在保存文件：res://assets/models/props/prop_desk_certificate_certificate_colour.png.import[39m[0m
[  14% ] [90m[1msavepack[22m | 正在保存文件：res://.godot/imported/prop_desk_clip_lamp.glb-af0a2348ac1cd34294acae955493bb54.scn[39m[0m
[  14% ] [90m[1msavepack[22m | 正在保存文件：res://assets/models/props/prop_desk_clip_lamp.glb.import[39m[0m
[  14% ] [90m[1msavepack[22m | 正在保存文件：res://.godot/imported/prop_desk_clip_lamp_aged_ivory_albedo.png-ed9574fc1ac77a7ad727fdb7c67d9cb2.s3tc.ctex[39m[0m
[  14% ] [90m[1msavepack[22m | 正在保存文件：res://assets/models/props/prop_desk_clip_lamp_aged_ivory_albedo.png.import[39m[0m
[  14% ] [90m[1msavepack[22m | 正在保存文件：res://.godot/imported/prop_desk_clip_lamp_charcoal_steel_albedo.png-9bb0b4a52583292ad5f51af8e6f9bd32.s3tc.ctex[39m[0m
[  14% ] [90m[1msavepack[22m | 正在保存文件：res://assets/models/props/prop_desk_clip_lamp_charcoal_steel_albedo.png.import[39m[0m
[  14% ] [90m[1msavepack[22m | 正在保存文件：res://.godot/imported/prop_desk_clip_lamp_mustard_paint_albedo.png-5ec774111039ab28d05192651961273f.s3tc.ctex[39m[0m
[  14% ] [90m[1msavepack[22m | 正在保存文件：res://assets/models/props/prop_desk_clip_lamp_mustard_paint_albedo.png.import[39m[0m
[  15% ] [90m[1msavepack[22m | 正在保存文件：res://.godot/imported/prop_desk_clip_lamp_muted_brass_albedo.png-859f56865bffd3fc66e231e6d1743ddd.s3tc.ctex[39m[0m
[  15% ] [90m[1msavepack[22m | 正在保存文件：res://assets/models/props/prop_desk_clip_lamp_muted_brass_albedo.png.import[39m[0m
[  15% ] [90m[1msavepack[22m | 正在保存文件：res://.godot/imported/prop_desk_electronic_clock.glb-4cd25dcbdebee56d9ce65a9af038fd0d.scn[39m[0m
[  15% ] [90m[1msavepack[22m | 正在保存文件：res://assets/models/props/prop_desk_electronic_clock.glb.import[39m[0m
[  15% ] [90m[1msavepack[22m | 正在保存文件：res://.godot/imported/prop_desk_electronic_clock_aged_ivory_albedo.png-63c9b782b404ca58710a259b0823cc8f.s3tc.ctex[39m[0m
[  15% ] [90m[1msavepack[22m | 正在保存文件：res://assets/models/props/prop_desk_electronic_clock_aged_ivory_albedo.png.import[39m[0m
[  15% ] [90m[1msavepack[22m | 正在保存文件：res://.godot/imported/prop_desk_electronic_clock_faded_navy_albedo.png-2b4dafe0ead869e34b95759aa5c91709.s3tc.ctex[39m[0m
[  15% ] [90m[1msavepack[22m | 正在保存文件：res://assets/models/props/prop_desk_electronic_clock_faded_navy_albedo.png.import[39m[0m
[  15% ] [90m[1msavepack[22m | 正在保存文件：res://.godot/imported/prop_desk_electronic_clock_old_rubber_albedo.png-6586800e73097462324a4c4ca82acff8.s3tc.ctex[39m[0m
[  15% ] [90m[1msavepack[22m | 正在保存文件：res://assets/models/props/prop_desk_electronic_clock_old_rubber_albedo.png.import[39m[0m
[  16% ] [90m[1msavepack[22m | 正在保存文件：res://.godot/imported/prop_desk_eraser.glb-1da8fce49965e6d6861fd5f1a17b74a9.scn[39m[0m
[  16% ] [90m[1msavepack[22m | 正在保存文件：res://assets/models/props/prop_desk_eraser.glb.import[39m[0m
[  16% ] [90m[1msavepack[22m | 正在保存文件：res://.godot/imported/prop_desk_eraser_aged_ivory_albedo.png-68e5130dfcb39aff5dd2d6a7fb963a64.ctex[39m[0m
[  16% ] [90m[1msavepack[22m | 正在保存文件：res://assets/models/props/prop_desk_eraser_aged_ivory_albedo.png.import[39m[0m
[  16% ] [90m[1msavepack[22m | 正在保存文件：res://.godot/imported/prop_desk_eraser_faded_brick_red_albedo.png-7091b9ff5d6c70fe1680b489ea33bdf7.ctex[39m[0m
[  16% ] [90m[1msavepack[22m | 正在保存文件：res://assets/models/props/prop_desk_eraser_faded_brick_red_albedo.png.import[39m[0m
[  16% ] [90m[1msavepack[22m | 正在保存文件：res://.godot/imported/prop_desk_exam.glb-891ce5c12b8b7eaf64555b381cad641d.scn[39m[0m
[  16% ] [90m[1msavepack[22m | 正在保存文件：res://assets/models/props/prop_desk_exam.glb.import[39m[0m
[  17% ] [90m[1msavepack[22m | 正在保存文件：res://.godot/imported/prop_desk_exam_aged_ivory_albedo.png-8bfb7bbbf8f64f75a1195502a50d719f.s3tc.ctex[39m[0m
[  17% ] [90m[1msavepack[22m | 正在保存文件：res://assets/models/props/prop_desk_exam_aged_ivory_albedo.png.import[39m[0m
[  17% ] [90m[1msavepack[22m | 正在保存文件：res://.godot/imported/prop_desk_exam_exam_colour.png-5fcfe4909f987858c076f3e790dbc957.s3tc.ctex[39m[0m
[  17% ] [90m[1msavepack[22m | 正在保存文件：res://assets/models/props/prop_desk_exam_exam_colour.png.import[39m[0m
[  17% ] [90m[1msavepack[22m | 正在保存文件：res://.godot/imported/prop_desk_fallen_books.glb-124b01258fa8a952cc9b8a2e7f6efd28.scn[39m[0m
[  17% ] [90m[1msavepack[22m | 正在保存文件：res://assets/models/props/prop_desk_fallen_books.glb.import[39m[0m
[  17% ] [90m[1msavepack[22m | 正在保存文件：res://.godot/imported/prop_desk_fallen_books_aged_ivory_albedo.png-7d069cf6d8ec7580089427004997e6cd.s3tc.ctex[39m[0m
[  17% ] [90m[1msavepack[22m | 正在保存文件：res://assets/models/props/prop_desk_fallen_books_aged_ivory_albedo.png.import[39m[0m
[  18% ] [90m[1msavepack[22m | 正在保存文件：res://.godot/imported/prop_desk_fallen_books_faded_brick_red_albedo.png-d4a19bcbced8f622dca0f49568f54cc8.s3tc.ctex[39m[0m
[  18% ] [90m[1msavepack[22m | 正在保存文件：res://assets/models/props/prop_desk_fallen_books_faded_brick_red_albedo.png.import[39m[0m
[  18% ] [90m[1msavepack[22m | 正在保存文件：res://.godot/imported/prop_desk_fallen_books_faded_navy_albedo.png-3d460f43cce604418d688d0c5f19ca35.s3tc.ctex[39m[0m
[  18% ] [90m[1msavepack[22m | 正在保存文件：res://assets/models/props/prop_desk_fallen_books_faded_navy_albedo.png.import[39m[0m
[  18% ] [90m[1msavepack[22m | 正在保存文件：res://.godot/imported/prop_desk_fallen_books_mustard_paint_albedo.png-95a511f42cd8981b9f0ba1ed7c0fe4e9.s3tc.ctex[39m[0m
[  18% ] [90m[1msavepack[22m | 正在保存文件：res://assets/models/props/prop_desk_fallen_books_mustard_paint_albedo.png.import[39m[0m
[  18% ] [90m[1msavepack[22m | 正在保存文件：res://.godot/imported/prop_desk_fallen_books_old_olive_albedo.png-ffeb47e8319e5ac7a2f47c6d68ddcd51.s3tc.ctex[39m[0m
[  18% ] [90m[1msavepack[22m | 正在保存文件：res://assets/models/props/prop_desk_fallen_books_old_olive_albedo.png.import[39m[0m
[  18% ] [90m[1msavepack[22m | 正在保存文件：res://.godot/imported/prop_desk_flashlight.glb-066d2f2ed60fa319083dd237900ec750.scn[39m[0m
[  18% ] [90m[1msavepack[22m | 正在保存文件：res://assets/models/props/prop_desk_flashlight.glb.import[39m[0m
[  19% ] [90m[1msavepack[22m | 正在保存文件：res://.godot/imported/prop_desk_flashlight_aged_ivory_albedo.png-3d6458152b3a897795ad8ab52aafd7ae.s3tc.ctex[39m[0m
[  19% ] [90m[1msavepack[22m | 正在保存文件：res://assets/models/props/prop_desk_flashlight_aged_ivory_albedo.png.import[39m[0m
[  19% ] [90m[1msavepack[22m | 正在保存文件：res://.godot/imported/prop_desk_flashlight_charcoal_steel_albedo.png-96f8611cf5acafda61d4b6ede3a544ed.s3tc.ctex[39m[0m
[  19% ] [90m[1msavepack[22m | 正在保存文件：res://assets/models/props/prop_desk_flashlight_charcoal_steel_albedo.png.import[39m[0m
[  19% ] [90m[1msavepack[22m | 正在保存文件：res://.godot/imported/prop_desk_flashlight_faded_brick_red_albedo.png-3c0e6f4c361917ad9486f6f4dc9d17dd.s3tc.ctex[39m[0m
[  19% ] [90m[1msavepack[22m | 正在保存文件：res://assets/models/props/prop_desk_flashlight_faded_brick_red_albedo.png.import[39m[0m
[  19% ] [90m[1msavepack[22m | 正在保存文件：res://.godot/imported/prop_desk_flashlight_mustard_paint_albedo.png-f53bf7919d0ee704e911daf1a1b4eb75.s3tc.ctex[39m[0m
[  19% ] [90m[1msavepack[22m | 正在保存文件：res://assets/models/props/prop_desk_flashlight_mustard_paint_albedo.png.import[39m[0m
[  20% ] [90m[1msavepack[22m | 正在保存文件：res://.godot/imported/prop_desk_folded_note.glb-a9d5f16e9500f5a882f125b847139b88.scn[39m[0m
[  20% ] [90m[1msavepack[22m | 正在保存文件：res://assets/models/props/prop_desk_folded_note.glb.import[39m[0m
[  20% ] [90m[1msavepack[22m | 正在保存文件：res://.godot/imported/prop_desk_folded_note_aged_ivory_albedo.png-bc212c4dc71b24ba8b390e818de63d8b.s3tc.ctex[39m[0m
[  20% ] [90m[1msavepack[22m | 正在保存文件：res://assets/models/props/prop_desk_folded_note_aged_ivory_albedo.png.import[39m[0m
[  20% ] [90m[1msavepack[22m | 正在保存文件：res://.godot/imported/prop_desk_folded_note_mom_note_colour.png-6fd77a7e10c57399ae7657a8449fe153.s3tc.ctex[39m[0m
[  20% ] [90m[1msavepack[22m | 正在保存文件：res://assets/models/props/prop_desk_folded_note_mom_note_colour.png.import[39m[0m
[  20% ] [90m[1msavepack[22m | 正在保存文件：res://.godot/imported/prop_desk_folded_note_worn_honey_wood_albedo.png-f4f0fbc5f6497d18e3968650bb6f8838.s3tc.ctex[39m[0m
[  20% ] [90m[1msavepack[22m | 正在保存文件：res://assets/models/props/prop_desk_folded_note_worn_honey_wood_albedo.png.import[39m[0m
[  21% ] [90m[1msavepack[22m | 正在保存文件：res://.godot/imported/prop_desk_frame.glb-80ead263371fee60d7dbe3c38935484b.scn[39m[0m
[  21% ] [90m[1msavepack[22m | 正在保存文件：res://assets/models/props/prop_desk_frame.glb.import[39m[0m
[  21% ] [90m[1msavepack[22m | 正在保存文件：res://.godot/imported/prop_desk_frame_muted_brass_albedo.png-f686f0bc354b9ec087ac12386bebadee.s3tc.ctex[39m[0m
[  21% ] [90m[1msavepack[22m | 正在保存文件：res://assets/models/props/prop_desk_frame_muted_brass_albedo.png.import[39m[0m
[  21% ] [90m[1msavepack[22m | 正在保存文件：res://.godot/imported/prop_desk_frame_worn_honey_wood_albedo.png-36ace5fcb26ddbc4abf5735871820091.s3tc.ctex[39m[0m
[  21% ] [90m[1msavepack[22m | 正在保存文件：res://assets/models/props/prop_desk_frame_worn_honey_wood_albedo.png.import[39m[0m
[  21% ] [90m[1msavepack[22m | 正在保存文件：res://.godot/imported/prop_desk_handheld.glb-dc04b1f99371ca14801636f6d8921c00.scn[39m[0m
[  21% ] [90m[1msavepack[22m | 正在保存文件：res://assets/models/props/prop_desk_handheld.glb.import[39m[0m
[  21% ] [90m[1msavepack[22m | 正在保存文件：res://.godot/imported/prop_desk_handheld_aged_ivory_albedo.png-7a157afd4c7d666f75d012faa31f9ac9.s3tc.ctex[39m[0m
[  21% ] [90m[1msavepack[22m | 正在保存文件：res://assets/models/props/prop_desk_handheld_aged_ivory_albedo.png.import[39m[0m
[  22% ] [90m[1msavepack[22m | 正在保存文件：res://.godot/imported/prop_desk_handheld_charcoal_steel_albedo.png-27f159c7ddc1b913ae70f77fc5120794.s3tc.ctex[39m[0m
[  22% ] [90m[1msavepack[22m | 正在保存文件：res://assets/models/props/prop_desk_handheld_charcoal_steel_albedo.png.import[39m[0m
[  22% ] [90m[1msavepack[22m | 正在保存文件：res://.godot/imported/prop_desk_handheld_old_olive_albedo.png-2fe8c08a501c07df23a35757d2196fdc.s3tc.ctex[39m[0m
[  22% ] [90m[1msavepack[22m | 正在保存文件：res://assets/models/props/prop_desk_handheld_old_olive_albedo.png.import[39m[0m
[  22% ] [90m[1msavepack[22m | 正在保存文件：res://.godot/imported/prop_desk_handheld_old_rubber_albedo.png-57a1b38b31b6890c828af1d11f6bd6e6.s3tc.ctex[39m[0m
[  22% ] [90m[1msavepack[22m | 正在保存文件：res://assets/models/props/prop_desk_handheld_old_rubber_albedo.png.import[39m[0m
[  22% ] [90m[1msavepack[22m | 正在保存文件：res://.godot/imported/prop_desk_homework.glb-5b2498e8087d27a34ee104fdf136507d.scn[39m[0m
[  22% ] [90m[1msavepack[22m | 正在保存文件：res://assets/models/props/prop_desk_homework.glb.import[39m[0m
[  23% ] [90m[1msavepack[22m | 正在保存文件：res://.godot/imported/prop_desk_homework_aged_ivory_albedo.png-4659159e3b3311f7f56bf4d084558a60.s3tc.ctex[39m[0m
[  23% ] [90m[1msavepack[22m | 正在保存文件：res://assets/models/props/prop_desk_homework_aged_ivory_albedo.png.import[39m[0m
[  23% ] [90m[1msavepack[22m | 正在保存文件：res://.godot/imported/prop_desk_homework_homework_colour.png-6958347a5d5b49abd7516cfe313dc4c6.s3tc.ctex[39m[0m
[  23% ] [90m[1msavepack[22m | 正在保存文件：res://assets/models/props/prop_desk_homework_homework_colour.png.import[39m[0m
[  23% ] [90m[1msavepack[22m | 正在保存文件：res://.godot/imported/prop_desk_mini_lamp.glb-89409ae77e2a0f7f004f213bfdd8a87e.scn[39m[0m
[  23% ] [90m[1msavepack[22m | 正在保存文件：res://assets/models/props/prop_desk_mini_lamp.glb.import[39m[0m
[  23% ] [90m[1msavepack[22m | 正在保存文件：res://.godot/imported/prop_desk_mini_lamp_aged_ivory_albedo.png-3e28ca7464c7f5f2114cbdb1353e9b2c.s3tc.ctex[39m[0m
[  23% ] [90m[1msavepack[22m | 正在保存文件：res://assets/models/props/prop_desk_mini_lamp_aged_ivory_albedo.png.import[39m[0m
[  24% ] [90m[1msavepack[22m | 正在保存文件：res://.godot/imported/prop_desk_mini_lamp_faded_brick_red_albedo.png-73080c7191b70e6417977672d04bcc27.s3tc.ctex[39m[0m
[  24% ] [90m[1msavepack[22m | 正在保存文件：res://assets/models/props/prop_desk_mini_lamp_faded_brick_red_albedo.png.import[39m[0m
[  24% ] [90m[1msavepack[22m | 正在保存文件：res://.godot/imported/prop_desk_mini_lamp_muted_brass_albedo.png-8b01bc3b21c7210de9c785d197d7ac60.s3tc.ctex[39m[0m
[  24% ] [90m[1msavepack[22m | 正在保存文件：res://assets/models/props/prop_desk_mini_lamp_muted_brass_albedo.png.import[39m[0m
[  24% ] [90m[1msavepack[22m | 正在保存文件：res://.godot/imported/prop_desk_mug.glb-8220e4bad118c523a2ec9f95ab4a2c74.scn[39m[0m
[  24% ] [90m[1msavepack[22m | 正在保存文件：res://assets/models/props/prop_desk_mug.glb.import[39m[0m
[  24% ] [90m[1msavepack[22m | 正在保存文件：res://.godot/imported/prop_desk_mug_aged_ivory_albedo.png-7cc30e071c8378526af698b4a23f668b.s3tc.ctex[39m[0m
[  24% ] [90m[1msavepack[22m | 正在保存文件：res://assets/models/props/prop_desk_mug_aged_ivory_albedo.png.import[39m[0m
[  24% ] [90m[1msavepack[22m | 正在保存文件：res://.godot/imported/prop_desk_open_book.glb-f03478718f1b1be512011c01173f4288.scn[39m[0m
[  24% ] [90m[1msavepack[22m | 正在保存文件：res://assets/models/props/prop_desk_open_book.glb.import[39m[0m
[  25% ] [90m[1msavepack[22m | 正在保存文件：res://.godot/imported/prop_desk_open_book_aged_ivory_albedo.png-5e087ecd154eaaff1767c3db03381820.s3tc.ctex[39m[0m
[  25% ] [90m[1msavepack[22m | 正在保存文件：res://assets/models/props/prop_desk_open_book_aged_ivory_albedo.png.import[39m[0m
[  25% ] [90m[1msavepack[22m | 正在保存文件：res://.godot/imported/prop_desk_open_book_faded_brick_red_albedo.png-bd7832f7455bcf01ea2adb68bc5b9c09.s3tc.ctex[39m[0m
[  25% ] [90m[1msavepack[22m | 正在保存文件：res://assets/models/props/prop_desk_open_book_faded_brick_red_albedo.png.import[39m[0m
[  25% ] [90m[1msavepack[22m | 正在保存文件：res://.godot/imported/prop_desk_paperclip.glb-897b4df3f25ca8b8db7d54d8ee23e4b2.scn[39m[0m
[  25% ] [90m[1msavepack[22m | 正在保存文件：res://assets/models/props/prop_desk_paperclip.glb.import[39m[0m
[  25% ] [90m[1msavepack[22m | 正在保存文件：res://.godot/imported/prop_desk_paperclip_charcoal_steel_albedo.png-a07d3f89ab4620c125c83f4f02c7cc5c.s3tc.ctex[39m[0m
[  25% ] [90m[1msavepack[22m | 正在保存文件：res://assets/models/props/prop_desk_paperclip_charcoal_steel_albedo.png.import[39m[0m
[  26% ] [90m[1msavepack[22m | 正在保存文件：res://.godot/imported/prop_desk_paper_ball.glb-0f1579dd49e0e0afcae78ddcbd3f8751.scn[39m[0m
[  26% ] [90m[1msavepack[22m | 正在保存文件：res://assets/models/props/prop_desk_paper_ball.glb.import[39m[0m
[  26% ] [90m[1msavepack[22m | 正在保存文件：res://.godot/imported/prop_desk_paper_ball_aged_ivory_albedo.png-573ae7a380510e53eafb22ad29fdfeed.s3tc.ctex[39m[0m
[  26% ] [90m[1msavepack[22m | 正在保存文件：res://assets/models/props/prop_desk_paper_ball_aged_ivory_albedo.png.import[39m[0m
[  26% ] [90m[1msavepack[22m | 正在保存文件：res://.godot/imported/prop_desk_pencil_pot.glb-14c809c6fe0ffedd74f1e78410aab2f1.scn[39m[0m
[  26% ] [90m[1msavepack[22m | 正在保存文件：res://assets/models/props/prop_desk_pencil_pot.glb.import[39m[0m
[  26% ] [90m[1msavepack[22m | 正在保存文件：res://.godot/imported/prop_desk_pencil_pot_faded_brick_red_albedo.png-5ce122f6c9739dbaab1ed0ac6fbdcb14.s3tc.ctex[39m[0m
[  26% ] [90m[1msavepack[22m | 正在保存文件：res://assets/models/props/prop_desk_pencil_pot_faded_brick_red_albedo.png.import[39m[0m
[  27% ] [90m[1msavepack[22m | 正在保存文件：res://.godot/imported/prop_desk_pencil_pot_faded_navy_albedo.png-3aa252910d7cce56edea80189e3a663e.s3tc.ctex[39m[0m
[  27% ] [90m[1msavepack[22m | 正在保存文件：res://assets/models/props/prop_desk_pencil_pot_faded_navy_albedo.png.import[39m[0m
[  27% ] [90m[1msavepack[22m | 正在保存文件：res://.godot/imported/prop_desk_pencil_pot_mustard_paint_albedo.png-8041113ab81301131cb87549b4606747.s3tc.ctex[39m[0m
[  27% ] [90m[1msavepack[22m | 正在保存文件：res://assets/models/props/prop_desk_pencil_pot_mustard_paint_albedo.png.import[39m[0m
[  27% ] [90m[1msavepack[22m | 正在保存文件：res://.godot/imported/prop_desk_pencil_pot_worn_honey_wood_albedo.png-0d1e2187e81ef72d2eae6f966aaaa8cf.s3tc.ctex[39m[0m
[  27% ] [90m[1msavepack[22m | 正在保存文件：res://assets/models/props/prop_desk_pencil_pot_worn_honey_wood_albedo.png.import[39m[0m
[  27% ] [90m[1msavepack[22m | 正在保存文件：res://.godot/imported/prop_desk_pencil_pouch.glb-1ce717aaaaa78e7694f095136265c1bb.scn[39m[0m
[  27% ] [90m[1msavepack[22m | 正在保存文件：res://assets/models/props/prop_desk_pencil_pouch.glb.import[39m[0m
[  27% ] [90m[1msavepack[22m | 正在保存文件：res://.godot/imported/prop_desk_pencil_pouch_charcoal_steel_albedo.png-5975fa9a83455f8fe1f09892ca0b6211.s3tc.ctex[39m[0m
[  27% ] [90m[1msavepack[22m | 正在保存文件：res://assets/models/props/prop_desk_pencil_pouch_charcoal_steel_albedo.png.import[39m[0m
[  28% ] [90m[1msavepack[22m | 正在保存文件：res://.godot/imported/prop_desk_pencil_pouch_muted_brass_albedo.png-9ebc5fbda5cbcc7abd80ab3506ed4e23.s3tc.ctex[39m[0m
[  28% ] [90m[1msavepack[22m | 正在保存文件：res://assets/models/props/prop_desk_pencil_pouch_muted_brass_albedo.png.import[39m[0m
[  28% ] [90m[1msavepack[22m | 正在保存文件：res://.godot/imported/prop_desk_pencil_pouch_old_olive_albedo.png-20b93cbd160325143a03cc7a31f03dd3.s3tc.ctex[39m[0m
[  28% ] [90m[1msavepack[22m | 正在保存文件：res://assets/models/props/prop_desk_pencil_pouch_old_olive_albedo.png.import[39m[0m
[  28% ] [90m[1msavepack[22m | 正在保存文件：res://.godot/imported/prop_desk_pencil_shaving.glb-22f0e4759b2e832ea9e5306261634a25.scn[39m[0m
[  28% ] [90m[1msavepack[22m | 正在保存文件：res://assets/models/props/prop_desk_pencil_shaving.glb.import[39m[0m
[  28% ] [90m[1msavepack[22m | 正在保存文件：res://.godot/imported/prop_desk_pencil_shaving_worn_honey_wood_albedo.png-0fc06dc630a5fdb47cf62cc7bcca4852.s3tc.ctex[39m[0m
[  28% ] [90m[1msavepack[22m | 正在保存文件：res://assets/models/props/prop_desk_pencil_shaving_worn_honey_wood_albedo.png.import[39m[0m
[  29% ] [90m[1msavepack[22m | 正在保存文件：res://.godot/imported/prop_desk_pencil_stub.glb-1e2f417dd8e2eddc87b7cbfef32d118b.scn[39m[0m
[  29% ] [90m[1msavepack[22m | 正在保存文件：res://assets/models/props/prop_desk_pencil_stub.glb.import[39m[0m
[  29% ] [90m[1msavepack[22m | 正在保存文件：res://.godot/imported/prop_desk_pencil_stub_mustard_paint_albedo.png-24fad93b096e9ba7e2b68cad1f2d5d1a.s3tc.ctex[39m[0m
[  29% ] [90m[1msavepack[22m | 正在保存文件：res://assets/models/props/prop_desk_pencil_stub_mustard_paint_albedo.png.import[39m[0m
[  29% ] [90m[1msavepack[22m | 正在保存文件：res://.godot/imported/prop_desk_ruler_exercise.glb-9d7bae0b732fe5bff4acdf945eb88ebe.scn[39m[0m
[  29% ] [90m[1msavepack[22m | 正在保存文件：res://assets/models/props/prop_desk_ruler_exercise.glb.import[39m[0m
[  29% ] [90m[1msavepack[22m | 正在保存文件：res://.godot/imported/prop_desk_ruler_exercise_aged_ivory_albedo.png-425c7b21794c36767b19c016883aeb10.s3tc.ctex[39m[0m
[  29% ] [90m[1msavepack[22m | 正在保存文件：res://assets/models/props/prop_desk_ruler_exercise_aged_ivory_albedo.png.import[39m[0m
[  30% ] [90m[1msavepack[22m | 正在保存文件：res://.godot/imported/prop_desk_ruler_exercise_charcoal_steel_albedo.png-24ac261cc500cf316fa919ec6f198d30.s3tc.ctex[39m[0m
[  30% ] [90m[1msavepack[22m | 正在保存文件：res://assets/models/props/prop_desk_ruler_exercise_charcoal_steel_albedo.png.import[39m[0m
[  30% ] [90m[1msavepack[22m | 正在保存文件：res://.godot/imported/prop_desk_ruler_exercise_faded_navy_albedo.png-f5f32522a23dfd10ee180105eeda0cc4.s3tc.ctex[39m[0m
[  30% ] [90m[1msavepack[22m | 正在保存文件：res://assets/models/props/prop_desk_ruler_exercise_faded_navy_albedo.png.import[39m[0m
[  30% ] [90m[1msavepack[22m | 正在保存文件：res://.godot/imported/prop_desk_ruler_exercise_worn_honey_wood_albedo.png-3d07552a9850017ad4bb80a9b3099cf8.s3tc.ctex[39m[0m
[  30% ] [90m[1msavepack[22m | 正在保存文件：res://assets/models/props/prop_desk_ruler_exercise_worn_honey_wood_albedo.png.import[39m[0m
[  30% ] [90m[1msavepack[22m | 正在保存文件：res://.godot/imported/prop_desk_ruler_pot.glb-1d543a15290bca7d4e1679a7cbb01848.scn[39m[0m
[  30% ] [90m[1msavepack[22m | 正在保存文件：res://assets/models/props/prop_desk_ruler_pot.glb.import[39m[0m
[  30% ] [90m[1msavepack[22m | 正在保存文件：res://.godot/imported/prop_desk_ruler_pot_faded_brick_red_albedo.png-bd579218dae79265b416891021ec55ed.s3tc.ctex[39m[0m
[  30% ] [90m[1msavepack[22m | 正在保存文件：res://assets/models/props/prop_desk_ruler_pot_faded_brick_red_albedo.png.import[39m[0m
[  31% ] [90m[1msavepack[22m | 正在保存文件：res://.godot/imported/prop_desk_ruler_pot_faded_navy_albedo.png-6f98df703a6154f76c5e2ce36686c10f.s3tc.ctex[39m[0m
[  31% ] [90m[1msavepack[22m | 正在保存文件：res://assets/models/props/prop_desk_ruler_pot_faded_navy_albedo.png.import[39m[0m
[  31% ] [90m[1msavepack[22m | 正在保存文件：res://.godot/imported/prop_desk_ruler_pot_mustard_paint_albedo.png-c779acaa0e7abcf195e80fa781b6e081.s3tc.ctex[39m[0m
[  31% ] [90m[1msavepack[22m | 正在保存文件：res://assets/models/props/prop_desk_ruler_pot_mustard_paint_albedo.png.import[39m[0m
[  31% ] [90m[1msavepack[22m | 正在保存文件：res://.godot/imported/prop_desk_ruler_pot_worn_honey_wood_albedo.png-2149e508a3c036d64028d69e6f416d97.s3tc.ctex[39m[0m
[  31% ] [90m[1msavepack[22m | 正在保存文件：res://assets/models/props/prop_desk_ruler_pot_worn_honey_wood_albedo.png.import[39m[0m
[  31% ] [90m[1msavepack[22m | 正在保存文件：res://.godot/imported/prop_desk_soda_can.glb-876b611c317baf9d1d95630f9e183bd1.scn[39m[0m
[  31% ] [90m[1msavepack[22m | 正在保存文件：res://assets/models/props/prop_desk_soda_can.glb.import[39m[0m
[  32% ] [90m[1msavepack[22m | 正在保存文件：res://.godot/imported/prop_desk_soda_can_charcoal_steel_albedo.png-f7758c3c4823a929478e7b70ef9004a6.s3tc.ctex[39m[0m
[  32% ] [90m[1msavepack[22m | 正在保存文件：res://assets/models/props/prop_desk_soda_can_charcoal_steel_albedo.png.import[39m[0m
[  32% ] [90m[1msavepack[22m | 正在保存文件：res://.godot/imported/prop_desk_soda_can_faded_brick_red_albedo.png-4df276feb16ffbc29c00c67be7672d7e.s3tc.ctex[39m[0m
[  32% ] [90m[1msavepack[22m | 正在保存文件：res://assets/models/props/prop_desk_soda_can_faded_brick_red_albedo.png.import[39m[0m
[  32% ] [90m[1msavepack[22m | 正在保存文件：res://.godot/imported/prop_desk_soda_can_muted_brass_albedo.png-443da3c048b23355ee0b1655088e336f.s3tc.ctex[39m[0m
[  32% ] [90m[1msavepack[22m | 正在保存文件：res://assets/models/props/prop_desk_soda_can_muted_brass_albedo.png.import[39m[0m
[  32% ] [90m[1msavepack[22m | 正在保存文件：res://.godot/imported/prop_desk_splinter_corner.glb-7fe1e830b43dbbe65628a0d814e90b2b.scn[39m[0m
[  32% ] [90m[1msavepack[22m | 正在保存文件：res://assets/models/props/prop_desk_splinter_corner.glb.import[39m[0m
[  33% ] [90m[1msavepack[22m | 正在保存文件：res://.godot/imported/prop_desk_splinter_corner_worn_honey_wood_albedo.png-49af05cd72b69efb56655e60c1f8ce99.s3tc.ctex[39m[0m
[  33% ] [90m[1msavepack[22m | 正在保存文件：res://assets/models/props/prop_desk_splinter_corner_worn_honey_wood_albedo.png.import[39m[0m
[  33% ] [90m[1msavepack[22m | 正在保存文件：res://.godot/imported/prop_desk_tape_dispenser.glb-f651e32e6a63cfb3df8b8d30972667af.scn[39m[0m
[  33% ] [90m[1msavepack[22m | 正在保存文件：res://assets/models/props/prop_desk_tape_dispenser.glb.import[39m[0m
[  33% ] [90m[1msavepack[22m | 正在保存文件：res://.godot/imported/prop_desk_tape_dispenser_aged_ivory_albedo.png-d05fc67c6b6808f25534cd70bd0acf48.s3tc.ctex[39m[0m
[  33% ] [90m[1msavepack[22m | 正在保存文件：res://assets/models/props/prop_desk_tape_dispenser_aged_ivory_albedo.png.import[39m[0m
[  33% ] [90m[1msavepack[22m | 正在保存文件：res://.godot/imported/prop_desk_tape_dispenser_charcoal_steel_albedo.png-4a48317d0e05833eec66328c730a0069.s3tc.ctex[39m[0m
[  33% ] [90m[1msavepack[22m | 正在保存文件：res://assets/models/props/prop_desk_tape_dispenser_charcoal_steel_albedo.png.import[39m[0m
[  33% ] [90m[1msavepack[22m | 正在保存文件：res://.godot/imported/prop_desk_tape_dispenser_faded_brick_red_albedo.png-df090305c4a44c727930272b5491847e.s3tc.ctex[39m[0m
[  33% ] [90m[1msavepack[22m | 正在保存文件：res://assets/models/props/prop_desk_tape_dispenser_faded_brick_red_albedo.png.import[39m[0m
[  33% ] [90m[1msavepack[22m | 正在保存文件：res://.godot/imported/prop_desk_textbook.glb-d8ba69200201b015e0828fe3ca1a673b.scn[39m[0m
[  33% ] [90m[1msavepack[22m | 正在保存文件：res://assets/models/props/prop_desk_textbook.glb.import[39m[0m
[  33% ] [90m[1msavepack[22m | 正在保存文件：res://.godot/imported/prop_desk_textbook_aged_ivory_albedo.png-5d05d22d734c393a268bfb07d7eb198c.s3tc.ctex[39m[0m
[  33% ] [90m[1msavepack[22m | 正在保存文件：res://assets/models/props/prop_desk_textbook_aged_ivory_albedo.png.import[39m[0m
[  33% ] [90m[1msavepack[22m | 正在保存文件：res://.godot/imported/prop_desk_textbook_faded_navy_albedo.png-df12cf276f1889e74771b656dacfb402.s3tc.ctex[39m[0m
[  33% ] [90m[1msavepack[22m | 正在保存文件：res://assets/models/props/prop_desk_textbook_faded_navy_albedo.png.import[39m[0m
[  33% ] [90m[1msavepack[22m | 正在保存文件：res://.godot/imported/prop_desk_upright_ruler.glb-7c6527d6ece5029809726daf4c58df32.scn[39m[0m
[  33% ] [90m[1msavepack[22m | 正在保存文件：res://assets/models/props/prop_desk_upright_ruler.glb.import[39m[0m
[  34% ] [90m[1msavepack[22m | 正在保存文件：res://.godot/imported/prop_desk_upright_ruler_charcoal_steel_albedo.png-18b5083eea5b4c0baffe9b1a71ae6437.s3tc.ctex[39m[0m
[  34% ] [90m[1msavepack[22m | 正在保存文件：res://assets/models/props/prop_desk_upright_ruler_charcoal_steel_albedo.png.import[39m[0m
[  34% ] [90m[1msavepack[22m | 正在保存文件：res://.godot/imported/prop_desk_upright_ruler_worn_honey_wood_albedo.png-415d668c9dcc079c1d71a81bcc6e704e.s3tc.ctex[39m[0m
[  34% ] [90m[1msavepack[22m | 正在保存文件：res://assets/models/props/prop_desk_upright_ruler_worn_honey_wood_albedo.png.import[39m[0m
[  34% ] [90m[1msavepack[22m | 正在保存文件：res://.godot/imported/prop_door_lever.glb-089afce1d9fb05fc380dc2fd6ee6b3cf.scn[39m[0m
[  34% ] [90m[1msavepack[22m | 正在保存文件：res://assets/models/props/prop_door_lever.glb.import[39m[0m
[  34% ] [90m[1msavepack[22m | 正在保存文件：res://.godot/imported/prop_door_lever_AgedIvory_albedo.png-0a46c2f58d56feb27f87f9a4472fe67a.s3tc.ctex[39m[0m
[  34% ] [90m[1msavepack[22m | 正在保存文件：res://assets/models/props/prop_door_lever_AgedIvory_albedo.png.import[39m[0m
[  35% ] [90m[1msavepack[22m | 正在保存文件：res://.godot/imported/prop_door_lever_MutedBrass_albedo.png-9548c4a3aa4edd8e9dea4fc34fb2f0b1.s3tc.ctex[39m[0m
[  35% ] [90m[1msavepack[22m | 正在保存文件：res://assets/models/props/prop_door_lever_MutedBrass_albedo.png.import[39m[0m
[  35% ] [90m[1msavepack[22m | 正在保存文件：res://.godot/imported/prop_drum.glb-7add7edd92b973f37a592916687c948d.scn[39m[0m
[  35% ] [90m[1msavepack[22m | 正在保存文件：res://assets/models/props/prop_drum.glb.import[39m[0m
[  35% ] [90m[1msavepack[22m | 正在保存文件：res://.godot/imported/prop_drum_aged_ivory_albedo.png-e198ca3d9121e660cfcf535d97a5c812.s3tc.ctex[39m[0m
[  35% ] [90m[1msavepack[22m | 正在保存文件：res://assets/models/props/prop_drum_aged_ivory_albedo.png.import[39m[0m
[  35% ] [90m[1msavepack[22m | 正在保存文件：res://.godot/imported/prop_drum_faded_brick_red_albedo.png-84af8b3d01403fe9192c693d21fa23dc.s3tc.ctex[39m[0m
[  35% ] [90m[1msavepack[22m | 正在保存文件：res://assets/models/props/prop_drum_faded_brick_red_albedo.png.import[39m[0m
[  35% ] [90m[1msavepack[22m | 正在保存文件：res://.godot/imported/prop_drum_muted_brass_albedo.png-2d61bf0e1ceea00671ecc45f39c44321.s3tc.ctex[39m[0m
[  35% ] [90m[1msavepack[22m | 正在保存文件：res://assets/models/props/prop_drum_muted_brass_albedo.png.import[39m[0m
[  36% ] [90m[1msavepack[22m | 正在保存文件：res://.godot/imported/prop_electric_car.glb-3ea079cbe02b2cbc8dfff5b8c6ebab2a.scn[39m[0m
[  36% ] [90m[1msavepack[22m | 正在保存文件：res://assets/models/props/prop_electric_car.glb.import[39m[0m
[  36% ] [90m[1msavepack[22m | 正在保存文件：res://.godot/imported/prop_electric_car_aged_ivory_albedo.png-babaf1134838ed857277d37d6f599391.s3tc.ctex[39m[0m
[  36% ] [90m[1msavepack[22m | 正在保存文件：res://assets/models/props/prop_electric_car_aged_ivory_albedo.png.import[39m[0m
[  36% ] [90m[1msavepack[22m | 正在保存文件：res://.godot/imported/prop_electric_car_charcoal_steel_albedo.png-7e403b2fa38e3c8d02aa7356a2281d84.s3tc.ctex[39m[0m
[  36% ] [90m[1msavepack[22m | 正在保存文件：res://assets/models/props/prop_electric_car_charcoal_steel_albedo.png.import[39m[0m
[  36% ] [90m[1msavepack[22m | 正在保存文件：res://.godot/imported/prop_electric_car_faded_brick_red_albedo.png-b240a640c6f0ae7c06d3d621637dee8f.s3tc.ctex[39m[0m
[  36% ] [90m[1msavepack[22m | 正在保存文件：res://assets/models/props/prop_electric_car_faded_brick_red_albedo.png.import[39m[0m
[  37% ] [90m[1msavepack[22m | 正在保存文件：res://.godot/imported/prop_electric_car_mustard_paint_albedo.png-eedd9a5f0c1df0104110cd713a2c2a2e.s3tc.ctex[39m[0m
[  37% ] [90m[1msavepack[22m | 正在保存文件：res://assets/models/props/prop_electric_car_mustard_paint_albedo.png.import[39m[0m
[  37% ] [90m[1msavepack[22m | 正在保存文件：res://.godot/imported/prop_electric_car_muted_brass_albedo.png-35db585ea24f8f880f3c7564e2ae9d94.s3tc.ctex[39m[0m
[  37% ] [90m[1msavepack[22m | 正在保存文件：res://assets/models/props/prop_electric_car_muted_brass_albedo.png.import[39m[0m
[  37% ] [90m[1msavepack[22m | 正在保存文件：res://.godot/imported/prop_electric_car_old_rubber_albedo.png-985eadd189c8a1aea51a9200159a44d8.s3tc.ctex[39m[0m
[  37% ] [90m[1msavepack[22m | 正在保存文件：res://assets/models/props/prop_electric_car_old_rubber_albedo.png.import[39m[0m
[  37% ] [90m[1msavepack[22m | 正在保存文件：res://.godot/imported/prop_jackbox_body.glb-aef3e1f29d2f82d99d8caf9a133e7bb0.scn[39m[0m
[  37% ] [90m[1msavepack[22m | 正在保存文件：res://assets/models/props/prop_jackbox_body.glb.import[39m[0m
[  38% ] [90m[1msavepack[22m | 正在保存文件：res://.godot/imported/prop_jackbox_body_faded_brick_red_albedo.png-3c62a23a907e321a37baa8c854ec9c2a.s3tc.ctex[39m[0m
[  38% ] [90m[1msavepack[22m | 正在保存文件：res://assets/models/props/prop_jackbox_body_faded_brick_red_albedo.png.import[39m[0m
[  38% ] [90m[1msavepack[22m | 正在保存文件：res://.godot/imported/prop_jackbox_body_muted_brass_albedo.png-d85788f90be869ffad698c3ae30d7f9d.s3tc.ctex[39m[0m
[  38% ] [90m[1msavepack[22m | 正在保存文件：res://assets/models/props/prop_jackbox_body_muted_brass_albedo.png.import[39m[0m
[  38% ] [90m[1msavepack[22m | 正在保存文件：res://.godot/imported/prop_jackbox_body_worn_honey_wood_albedo.png-1c2f3b6343c781ae2876f592c2fc1996.s3tc.ctex[39m[0m
[  38% ] [90m[1msavepack[22m | 正在保存文件：res://assets/models/props/prop_jackbox_body_worn_honey_wood_albedo.png.import[39m[0m
[  38% ] [90m[1msavepack[22m | 正在保存文件：res://.godot/imported/prop_jackbox_crank.glb-4cd9afb23c5908836a290e363afcb475.scn[39m[0m
[  38% ] [90m[1msavepack[22m | 正在保存文件：res://assets/models/props/prop_jackbox_crank.glb.import[39m[0m
[  38% ] [90m[1msavepack[22m | 正在保存文件：res://.godot/imported/prop_jackbox_crank_muted_brass_albedo.png-0e86a47b905c1653c14181b553115398.s3tc.ctex[39m[0m
[  38% ] [90m[1msavepack[22m | 正在保存文件：res://assets/models/props/prop_jackbox_crank_muted_brass_albedo.png.import[39m[0m
[  39% ] [90m[1msavepack[22m | 正在保存文件：res://.godot/imported/prop_jackbox_crank_worn_honey_wood_albedo.png-5611e07d882592311b98ec2b2c3689cd.s3tc.ctex[39m[0m
[  39% ] [90m[1msavepack[22m | 正在保存文件：res://assets/models/props/prop_jackbox_crank_worn_honey_wood_albedo.png.import[39m[0m
[  39% ] [90m[1msavepack[22m | 正在保存文件：res://.godot/imported/prop_jackbox_head.glb-8131b6c5cefbc59feffc34b889759e59.scn[39m[0m
[  39% ] [90m[1msavepack[22m | 正在保存文件：res://assets/models/props/prop_jackbox_head.glb.import[39m[0m
[  39% ] [90m[1msavepack[22m | 正在保存文件：res://.godot/imported/prop_jackbox_head_clown+toy+3d+model_basecolor.jpg-65cc4fb0bb6877066819da6a92c516e2.s3tc.ctex[39m[0m
[  39% ] [90m[1msavepack[22m | 正在保存文件：res://assets/models/props/prop_jackbox_head_clown+toy+3d+model_basecolor.jpg.import[39m[0m
[  39% ] [90m[1msavepack[22m | 正在保存文件：res://.godot/imported/prop_jackbox_lid.glb-0dbfeaf7616ea900ec416f2c0348feae.scn[39m[0m
[  39% ] [90m[1msavepack[22m | 正在保存文件：res://assets/models/props/prop_jackbox_lid.glb.import[39m[0m
[  40% ] [90m[1msavepack[22m | 正在保存文件：res://.godot/imported/prop_jackbox_lid_faded_brick_red_albedo.png-a135b936ecba3e89b2ebbd1048e898bd.s3tc.ctex[39m[0m
[  40% ] [90m[1msavepack[22m | 正在保存文件：res://assets/models/props/prop_jackbox_lid_faded_brick_red_albedo.png.import[39m[0m
[  40% ] [90m[1msavepack[22m | 正在保存文件：res://.godot/imported/prop_letter_block_a.glb-864040ef09c0746c4b3afa79038ed388.scn[39m[0m
[  40% ] [90m[1msavepack[22m | 正在保存文件：res://assets/models/props/prop_letter_block_a.glb.import[39m[0m
[  40% ] [90m[1msavepack[22m | 正在保存文件：res://.godot/imported/prop_letter_block_a_aged_ivory_albedo.png-cfaa59259e88fe11f39b1b01462400fc.s3tc.ctex[39m[0m
[  40% ] [90m[1msavepack[22m | 正在保存文件：res://assets/models/props/prop_letter_block_a_aged_ivory_albedo.png.import[39m[0m
[  40% ] [90m[1msavepack[22m | 正在保存文件：res://.godot/imported/prop_letter_block_a_faded_brick_red_albedo.png-d1a19593af5fe5896d574745ceae7a49.s3tc.ctex[39m[0m
[  40% ] [90m[1msavepack[22m | 正在保存文件：res://assets/models/props/prop_letter_block_a_faded_brick_red_albedo.png.import[39m[0m
[  41% ] [90m[1msavepack[22m | 正在保存文件：res://.godot/imported/prop_letter_block_b.glb-6f5778e0ab264193bdc676b0340ec05e.scn[39m[0m
[  41% ] [90m[1msavepack[22m | 正在保存文件：res://assets/models/props/prop_letter_block_b.glb.import[39m[0m
[  41% ] [90m[1msavepack[22m | 正在保存文件：res://.godot/imported/prop_letter_block_b_aged_ivory_albedo.png-4cee67f6223f972c9fafd5719431765f.s3tc.ctex[39m[0m
[  41% ] [90m[1msavepack[22m | 正在保存文件：res://assets/models/props/prop_letter_block_b_aged_ivory_albedo.png.import[39m[0m
[  41% ] [90m[1msavepack[22m | 正在保存文件：res://.godot/imported/prop_letter_block_b_charcoal_steel_albedo.png-3722ab410202b56ca534bc01fe5bebba.s3tc.ctex[39m[0m
[  41% ] [90m[1msavepack[22m | 正在保存文件：res://assets/models/props/prop_letter_block_b_charcoal_steel_albedo.png.import[39m[0m
[  41% ] [90m[1msavepack[22m | 正在保存文件：res://.godot/imported/prop_loose_book.glb-727e99f5db978cce15dd6ba46a026f20.scn[39m[0m
[  41% ] [90m[1msavepack[22m | 正在保存文件：res://assets/models/props/prop_loose_book.glb.import[39m[0m
[  41% ] [90m[1msavepack[22m | 正在保存文件：res://.godot/imported/prop_loose_book_aged_ivory_albedo.png-16453336254e6a2508a54ca5ec4bf52c.s3tc.ctex[39m[0m
[  41% ] [90m[1msavepack[22m | 正在保存文件：res://assets/models/props/prop_loose_book_aged_ivory_albedo.png.import[39m[0m
[  42% ] [90m[1msavepack[22m | 正在保存文件：res://.godot/imported/prop_loose_book_faded_brick_red_albedo.png-c0c93ce0be1c6c5ab775ad72746146ed.s3tc.ctex[39m[0m
[  42% ] [90m[1msavepack[22m | 正在保存文件：res://assets/models/props/prop_loose_book_faded_brick_red_albedo.png.import[39m[0m
[  42% ] [90m[1msavepack[22m | 正在保存文件：res://.godot/imported/prop_loose_book_muted_brass_albedo.png-c3387c0288d8387cbb3b9f77ec954857.s3tc.ctex[39m[0m
[  42% ] [90m[1msavepack[22m | 正在保存文件：res://assets/models/props/prop_loose_book_muted_brass_albedo.png.import[39m[0m
[  42% ] [90m[1msavepack[22m | 正在保存文件：res://.godot/imported/prop_loose_book_worn_honey_wood_albedo.png-0a5a682ccf44efc743ecec0f500c5095.s3tc.ctex[39m[0m
[  42% ] [90m[1msavepack[22m | 正在保存文件：res://assets/models/props/prop_loose_book_worn_honey_wood_albedo.png.import[39m[0m
[  42% ] [90m[1msavepack[22m | 正在保存文件：res://.godot/imported/prop_mattress.glb-66273b75e29c7748d5c9fcb9110553ee.scn[39m[0m
[  42% ] [90m[1msavepack[22m | 正在保存文件：res://assets/models/props/prop_mattress.glb.import[39m[0m
[  43% ] [90m[1msavepack[22m | 正在保存文件：res://.godot/imported/prop_mattress_MattressLinen_albedo.png-9591cabe37e396f15c2f724cfa72189c.s3tc.ctex[39m[0m
[  43% ] [90m[1msavepack[22m | 正在保存文件：res://assets/models/props/prop_mattress_MattressLinen_albedo.png.import[39m[0m
[  43% ] [90m[1msavepack[22m | 正在保存文件：res://.godot/imported/prop_mattress_MattressMutedStripe_albedo.png-365c1c59781ad9de9bd73399afc1be62.s3tc.ctex[39m[0m
[  43% ] [90m[1msavepack[22m | 正在保存文件：res://assets/models/props/prop_mattress_MattressMutedStripe_albedo.png.import[39m[0m
[  43% ] [90m[1msavepack[22m | 正在保存文件：res://.godot/imported/prop_moving_box.glb-02aa2c74993098b0f931a15654316f7d.scn[39m[0m
[  43% ] [90m[1msavepack[22m | 正在保存文件：res://assets/models/props/prop_moving_box.glb.import[39m[0m
[  43% ] [90m[1msavepack[22m | 正在保存文件：res://.godot/imported/prop_moving_box_BoxWallE_transferred_colour.png-b336294ca09b51f689289530ffc1b4f8.s3tc.ctex[39m[0m
[  43% ] [90m[1msavepack[22m | 正在保存文件：res://assets/models/props/prop_moving_box_BoxWallE_transferred_colour.png.import[39m[0m
[  44% ] [90m[1msavepack[22m | 正在保存文件：res://.godot/imported/prop_moving_box_BoxWallN_transferred_colour.png-94c0296f572e7194001da4f37e31d3a5.s3tc.ctex[39m[0m
[  44% ] [90m[1msavepack[22m | 正在保存文件：res://assets/models/props/prop_moving_box_BoxWallN_transferred_colour.png.import[39m[0m
[  44% ] [90m[1msavepack[22m | 正在保存文件：res://.godot/imported/prop_moving_box_BoxWallS_transferred_colour.png-8839f410308d731e9ed3ca1d425531ee.s3tc.ctex[39m[0m
[  44% ] [90m[1msavepack[22m | 正在保存文件：res://assets/models/props/prop_moving_box_BoxWallS_transferred_colour.png.import[39m[0m
[  44% ] [90m[1msavepack[22m | 正在保存文件：res://.godot/imported/prop_moving_box_BoxWallW_transferred_colour.png-884bab7657b4a42265d2e61c3c5e33c3.s3tc.ctex[39m[0m
[  44% ] [90m[1msavepack[22m | 正在保存文件：res://assets/models/props/prop_moving_box_BoxWallW_transferred_colour.png.import[39m[0m
[  44% ] [90m[1msavepack[22m | 正在保存文件：res://.godot/imported/prop_moving_box_FlapE_transferred_colour.png-f8a54c8168b1744ff81e6b970ac9209a.s3tc.ctex[39m[0m
[  44% ] [90m[1msavepack[22m | 正在保存文件：res://assets/models/props/prop_moving_box_FlapE_transferred_colour.png.import[39m[0m
[  44% ] [90m[1msavepack[22m | 正在保存文件：res://.godot/imported/prop_moving_box_FlapN_transferred_colour.png-1a8f41211dc697f09c7686bacfd638d9.s3tc.ctex[39m[0m
[  44% ] [90m[1msavepack[22m | 正在保存文件：res://assets/models/props/prop_moving_box_FlapN_transferred_colour.png.import[39m[0m
[  45% ] [90m[1msavepack[22m | 正在保存文件：res://.godot/imported/prop_moving_box_FlapWTorn_transferred_colour.png-f79d3fe115513f716e78bdaf62ce8c8d.s3tc.ctex[39m[0m
[  45% ] [90m[1msavepack[22m | 正在保存文件：res://assets/models/props/prop_moving_box_FlapWTorn_transferred_colour.png.import[39m[0m
[  45% ] [90m[1msavepack[22m | 正在保存文件：res://.godot/imported/prop_nightstand.glb-b17c1a1caf28c6bb00aba0bc87bf505f.scn[39m[0m
[  45% ] [90m[1msavepack[22m | 正在保存文件：res://assets/models/props/prop_nightstand.glb.import[39m[0m
[  45% ] [90m[1msavepack[22m | 正在保存文件：res://.godot/imported/prop_nightstand_faded_brick_red_albedo.png-3926ff46e9ddaaed71b16635896cf0ec.s3tc.ctex[39m[0m
[  45% ] [90m[1msavepack[22m | 正在保存文件：res://assets/models/props/prop_nightstand_faded_brick_red_albedo.png.import[39m[0m
[  45% ] [90m[1msavepack[22m | 正在保存文件：res://.godot/imported/prop_nightstand_muted_brass_albedo.png-0c3aa16823ee592325cbee11d6affff7.s3tc.ctex[39m[0m
[  45% ] [90m[1msavepack[22m | 正在保存文件：res://assets/models/props/prop_nightstand_muted_brass_albedo.png.import[39m[0m
[  46% ] [90m[1msavepack[22m | 正在保存文件：res://.godot/imported/prop_nightstand_worn_honey_wood_albedo.png-a268aed065150aba89543c0461b06384.s3tc.ctex[39m[0m
[  46% ] [90m[1msavepack[22m | 正在保存文件：res://assets/models/props/prop_nightstand_worn_honey_wood_albedo.png.import[39m[0m
[  46% ] [90m[1msavepack[22m | 正在保存文件：res://.godot/imported/prop_old_books.glb-ea8bc6b9ba0eaa2863141c23a22505f7.scn[39m[0m
[  46% ] [90m[1msavepack[22m | 正在保存文件：res://assets/models/props/prop_old_books.glb.import[39m[0m
[  46% ] [90m[1msavepack[22m | 正在保存文件：res://.godot/imported/prop_old_books_aged_ivory_albedo.png-7f2b69acd024cb66cb3d48a050f3ceec.s3tc.ctex[39m[0m
[  46% ] [90m[1msavepack[22m | 正在保存文件：res://assets/models/props/prop_old_books_aged_ivory_albedo.png.import[39m[0m
[  46% ] [90m[1msavepack[22m | 正在保存文件：res://.godot/imported/prop_old_books_charcoal_steel_albedo.png-157151590ac1867bbadadfb4aef02da5.s3tc.ctex[39m[0m
[  46% ] [90m[1msavepack[22m | 正在保存文件：res://assets/models/props/prop_old_books_charcoal_steel_albedo.png.import[39m[0m
[  47% ] [90m[1msavepack[22m | 正在保存文件：res://.godot/imported/prop_old_books_faded_brick_red_albedo.png-c4246ee565d416f59a5ffe6b7a07d0bb.s3tc.ctex[39m[0m
[  47% ] [90m[1msavepack[22m | 正在保存文件：res://assets/models/props/prop_old_books_faded_brick_red_albedo.png.import[39m[0m
[  47% ] [90m[1msavepack[22m | 正在保存文件：res://.godot/imported/prop_old_books_mustard_paint_albedo.png-e9e2128dcc89a3e41904655d7d287883.s3tc.ctex[39m[0m
[  47% ] [90m[1msavepack[22m | 正在保存文件：res://assets/models/props/prop_old_books_mustard_paint_albedo.png.import[39m[0m
[  47% ] [90m[1msavepack[22m | 正在保存文件：res://.godot/imported/prop_old_books_muted_brass_albedo.png-d2a91fb4031bf498cddd17cb85b98b47.s3tc.ctex[39m[0m
[  47% ] [90m[1msavepack[22m | 正在保存文件：res://assets/models/props/prop_old_books_muted_brass_albedo.png.import[39m[0m
[  47% ] [90m[1msavepack[22m | 正在保存文件：res://.godot/imported/prop_old_books_worn_honey_wood_albedo.png-feafa381397995e58beeac59faf8ea11.s3tc.ctex[39m[0m
[  47% ] [90m[1msavepack[22m | 正在保存文件：res://assets/models/props/prop_old_books_worn_honey_wood_albedo.png.import[39m[0m
[  47% ] [90m[1msavepack[22m | 正在保存文件：res://.godot/imported/prop_photo_frame.glb-01b05ea4efbdc13f752018b92f228c67.scn[39m[0m
[  47% ] [90m[1msavepack[22m | 正在保存文件：res://assets/models/props/prop_photo_frame.glb.import[39m[0m
[  48% ] [90m[1msavepack[22m | 正在保存文件：res://.godot/imported/prop_photo_frame_charcoal_steel_albedo.png-e81e7e56b5005ca5d9a7d4e901dc1c80.s3tc.ctex[39m[0m
[  48% ] [90m[1msavepack[22m | 正在保存文件：res://assets/models/props/prop_photo_frame_charcoal_steel_albedo.png.import[39m[0m
[  48% ] [90m[1msavepack[22m | 正在保存文件：res://.godot/imported/prop_photo_frame_family_photo.png-65e813ee799285a36675c9358a32ae12.s3tc.ctex[39m[0m
[  48% ] [90m[1msavepack[22m | 正在保存文件：res://assets/models/props/prop_photo_frame_family_photo.png.import[39m[0m
[  48% ] [90m[1msavepack[22m | 正在保存文件：res://.godot/imported/prop_photo_frame_worn_honey_wood_albedo.png-e04464e739f9281b216cc95e57e6ceef.s3tc.ctex[39m[0m
[  48% ] [90m[1msavepack[22m | 正在保存文件：res://assets/models/props/prop_photo_frame_worn_honey_wood_albedo.png.import[39m[0m
[  48% ] [90m[1msavepack[22m | 正在保存文件：res://.godot/imported/prop_pill_bottle_a.glb-45b1fc9ede8e5cd121efbffe671fe338.scn[39m[0m
[  48% ] [90m[1msavepack[22m | 正在保存文件：res://assets/models/props/prop_pill_bottle_a.glb.import[39m[0m
[  49% ] [90m[1msavepack[22m | 正在保存文件：res://.godot/imported/prop_pill_bottle_a_vintage+medicine+bottle+3d+model_basecolor.jpg-bfe2a9c1d08146a2957162dc00e9c5dc.s3tc.ctex[39m[0m
[  49% ] [90m[1msavepack[22m | 正在保存文件：res://assets/models/props/prop_pill_bottle_a_vintage+medicine+bottle+3d+model_basecolor.jpg.import[39m[0m
[  49% ] [90m[1msavepack[22m | 正在保存文件：res://.godot/imported/prop_pill_bottle_b.glb-b361ec10bf8738251a5ecd08a5fc7df6.scn[39m[0m
[  49% ] [90m[1msavepack[22m | 正在保存文件：res://assets/models/props/prop_pill_bottle_b.glb.import[39m[0m
[  49% ] [90m[1msavepack[22m | 正在保存文件：res://.godot/imported/prop_pill_bottle_b_vintage+bottle+3d+model_basecolor.jpg-b99f8bc6e5383deb63cb9f9eec414315.s3tc.ctex[39m[0m
[  49% ] [90m[1msavepack[22m | 正在保存文件：res://assets/models/props/prop_pill_bottle_b_vintage+bottle+3d+model_basecolor.jpg.import[39m[0m
[  49% ] [90m[1msavepack[22m | 正在保存文件：res://.godot/imported/prop_plush_bear.glb-f98ade8b174eafc3dde50f74d47c9918.scn[39m[0m
[  49% ] [90m[1msavepack[22m | 正在保存文件：res://assets/models/props/prop_plush_bear.glb.import[39m[0m
[  50% ] [90m[1msavepack[22m | 正在保存文件：res://.godot/imported/prop_plush_bear_plush+teddy+bear+3d+model_basecolor.jpg-b7247f164d56c666e813aa148a3e0fd7.s3tc.ctex[39m[0m
[  50% ] [90m[1msavepack[22m | 正在保存文件：res://assets/models/props/prop_plush_bear_plush+teddy+bear+3d+model_basecolor.jpg.import[39m[0m
[  50% ] [90m[1msavepack[22m | 正在保存文件：res://.godot/imported/prop_plush_rabbit.glb-e6aa838691dc004267baacc22853e087.scn[39m[0m
[  50% ] [90m[1msavepack[22m | 正在保存文件：res://assets/models/props/prop_plush_rabbit.glb.import[39m[0m
[  50% ] [90m[1msavepack[22m | 正在保存文件：res://.godot/imported/prop_plush_rabbit_兔子玩偶_basecolor.jpg-109fe6655f1d8638dae3a3a5d5af0c48.s3tc.ctex[39m[0m
[  50% ] [90m[1msavepack[22m | 正在保存文件：res://assets/models/props/prop_plush_rabbit_兔子玩偶_basecolor.jpg.import[39m[0m
[  50% ] [90m[1msavepack[22m | 正在保存文件：res://.godot/imported/prop_porcelain_doll_head.glb-8eb22c631e6b080d0646dc9af7a65790.scn[39m[0m
[  50% ] [90m[1msavepack[22m | 正在保存文件：res://assets/models/props/prop_porcelain_doll_head.glb.import[39m[0m
[  50% ] [90m[1msavepack[22m | 正在保存文件：res://.godot/imported/prop_porcelain_doll_head_antique+doll+head+3d+model_basecolor.jpg-6939437f4ce2e7d2bec9bd0418100d68.s3tc.ctex[39m[0m
[  50% ] [90m[1msavepack[22m | 正在保存文件：res://assets/models/props/prop_porcelain_doll_head_antique+doll+head+3d+model_basecolor.jpg.import[39m[0m
[  51% ] [90m[1msavepack[22m | 正在保存文件：res://.godot/imported/prop_porcelain_doll_head_ChestnutDollHair_Color.png-40446c4ce93f5606514c3e0c3ec7fdc6.ctex[39m[0m
[  51% ] [90m[1msavepack[22m | 正在保存文件：res://assets/models/props/prop_porcelain_doll_head_ChestnutDollHair_Color.png.import[39m[0m
[  51% ] [90m[1msavepack[22m | 正在保存文件：res://.godot/imported/prop_porcelain_doll_head_FadedPaintedRose_Color.png-80bf050bdecce1a2e1e2130c153b35fb.ctex[39m[0m
[  51% ] [90m[1msavepack[22m | 正在保存文件：res://assets/models/props/prop_porcelain_doll_head_FadedPaintedRose_Color.png.import[39m[0m
[  51% ] [90m[1msavepack[22m | 正在保存文件：res://.godot/imported/prop_porcelain_doll_head_OldIvoryPorcelain_Color.png-aa1f59e14cf5d88407e2ce6e8a61d19b.ctex[39m[0m
[  51% ] [90m[1msavepack[22m | 正在保存文件：res://assets/models/props/prop_porcelain_doll_head_OldIvoryPorcelain_Color.png.import[39m[0m
[  51% ] [90m[1msavepack[22m | 正在保存文件：res://.godot/imported/prop_porcelain_doll_head_PaintedDollEyes_Color.png-1b18977bd8eb0043f22a6610c97c7a7f.ctex[39m[0m
[  51% ] [90m[1msavepack[22m | 正在保存文件：res://assets/models/props/prop_porcelain_doll_head_PaintedDollEyes_Color.png.import[39m[0m
[  52% ] [90m[1msavepack[22m | 正在保存文件：res://.godot/imported/prop_reading_glasses.glb-f4dd5d1fc0f8cc340087fa8a5c1a1901.scn[39m[0m
[  52% ] [90m[1msavepack[22m | 正在保存文件：res://assets/models/props/prop_reading_glasses.glb.import[39m[0m
[  52% ] [90m[1msavepack[22m | 正在保存文件：res://.godot/imported/prop_reading_glasses_vintage+round+glasses+3d+model_basecolor.jpg-d3ecc45765e80898c4d934bf1f13bdd7.s3tc.ctex[39m[0m
[  52% ] [90m[1msavepack[22m | 正在保存文件：res://assets/models/props/prop_reading_glasses_vintage+round+glasses+3d+model_basecolor.jpg.import[39m[0m
[  52% ] [90m[1msavepack[22m | 正在保存文件：res://.godot/imported/prop_seated_teen.glb-368465847be0d162493bcc2dd148db87.scn[39m[0m
[  52% ] [90m[1msavepack[22m | 正在保存文件：res://assets/models/props/prop_seated_teen.glb.import[39m[0m
[  52% ] [90m[1msavepack[22m | 正在保存文件：res://.godot/imported/prop_seated_teen_BroadSandyBrownHair_Color.png-ae9ce4167ef3c8246ac2471e3ea6e1d4.s3tc.ctex[39m[0m
[  52% ] [90m[1msavepack[22m | 正在保存文件：res://assets/models/props/prop_seated_teen_BroadSandyBrownHair_Color.png.import[39m[0m
[  52% ] [90m[1msavepack[22m | 正在保存文件：res://.godot/imported/prop_seated_teen_Graphite_Color.png-13c506f5568cd5ded4c722013dd71371.s3tc.ctex[39m[0m
[  52% ] [90m[1msavepack[22m | 正在保存文件：res://assets/models/props/prop_seated_teen_Graphite_Color.png.import[39m[0m
[  53% ] [90m[1msavepack[22m | 正在保存文件：res://.godot/imported/prop_seated_teen_IndistinctFaceMarks_Color.png-d95f8363a17d842e1add65cd0f84c8ab.s3tc.ctex[39m[0m
[  53% ] [90m[1msavepack[22m | 正在保存文件：res://assets/models/props/prop_seated_teen_IndistinctFaceMarks_Color.png.import[39m[0m
[  53% ] [90m[1msavepack[22m | 正在保存文件：res://.godot/imported/prop_seated_teen_MutedOliveTrousers_Color.png-7bd41ac568cb2c2cd00fdf64da63b30b.s3tc.ctex[39m[0m
[  53% ] [90m[1msavepack[22m | 正在保存文件：res://assets/models/props/prop_seated_teen_MutedOliveTrousers_Color.png.import[39m[0m
[  53% ] [90m[1msavepack[22m | 正在保存文件：res://.godot/imported/prop_seated_teen_MutedPencilWood_Color.png-b2710e1e3eed46420805d32c38fbb68f.s3tc.ctex[39m[0m
[  53% ] [90m[1msavepack[22m | 正在保存文件：res://assets/models/props/prop_seated_teen_MutedPencilWood_Color.png.import[39m[0m
[  53% ] [90m[1msavepack[22m | 正在保存文件：res://.godot/imported/prop_seated_teen_PlainBrownShoes_Color.png-5f60a0d26a2229d5e4728a881b610142.s3tc.ctex[39m[0m
[  53% ] [90m[1msavepack[22m | 正在保存文件：res://assets/models/props/prop_seated_teen_PlainBrownShoes_Color.png.import[39m[0m
[  54% ] [90m[1msavepack[22m | 正在保存文件：res://.godot/imported/prop_seated_teen_sitting+human+figure+3d+model_basecolor.jpg-ffea180263a9d5b447c1305f8e332495.ctex[39m[0m
[  54% ] [90m[1msavepack[22m | 正在保存文件：res://assets/models/props/prop_seated_teen_sitting+human+figure+3d+model_basecolor.jpg.import[39m[0m
[  54% ] [90m[1msavepack[22m | 正在保存文件：res://.godot/imported/prop_seated_teen_SoftRustHem_Color.png-f13c24ba5dc17ea3024c9f5bf53286d7.ctex[39m[0m
[  54% ] [90m[1msavepack[22m | 正在保存文件：res://assets/models/props/prop_seated_teen_SoftRustHem_Color.png.import[39m[0m
[  54% ] [90m[1msavepack[22m | 正在保存文件：res://.godot/imported/prop_seated_teen_SoftWarmSkin_Color.png-829c030f0e586fde1e225be8faf6584e.s3tc.ctex[39m[0m
[  54% ] [90m[1msavepack[22m | 正在保存文件：res://assets/models/props/prop_seated_teen_SoftWarmSkin_Color.png.import[39m[0m
[  54% ] [90m[1msavepack[22m | 正在保存文件：res://.godot/imported/prop_seated_teen_WashedRustSweater_Color.png-b9fecf8e0abee9dc6c02bad44867d7c5.s3tc.ctex[39m[0m
[  54% ] [90m[1msavepack[22m | 正在保存文件：res://assets/models/props/prop_seated_teen_WashedRustSweater_Color.png.import[39m[0m
[  55% ] [90m[1msavepack[22m | 正在保存文件：res://.godot/imported/prop_seesaw_fulcrum.glb-7c99e1c44cb1db4135e24a405c670a73.scn[39m[0m
[  55% ] [90m[1msavepack[22m | 正在保存文件：res://assets/models/props/prop_seesaw_fulcrum.glb.import[39m[0m
[  55% ] [90m[1msavepack[22m | 正在保存文件：res://.godot/imported/prop_seesaw_fulcrum_worn_honey_wood_albedo.png-22ea6746cc981624e92e8775afe35f8d.s3tc.ctex[39m[0m
[  55% ] [90m[1msavepack[22m | 正在保存文件：res://assets/models/props/prop_seesaw_fulcrum_worn_honey_wood_albedo.png.import[39m[0m
[  55% ] [90m[1msavepack[22m | 正在保存文件：res://.godot/imported/prop_seesaw_rest.glb-d1fd83a123522eb75be764758a87b130.scn[39m[0m
[  55% ] [90m[1msavepack[22m | 正在保存文件：res://assets/models/props/prop_seesaw_rest.glb.import[39m[0m
[  55% ] [90m[1msavepack[22m | 正在保存文件：res://.godot/imported/prop_seesaw_rest_worn_honey_wood_albedo.png-05e48482a0c4d687c5e53fa554f12246.s3tc.ctex[39m[0m
[  55% ] [90m[1msavepack[22m | 正在保存文件：res://assets/models/props/prop_seesaw_rest_worn_honey_wood_albedo.png.import[39m[0m
[  55% ] [90m[1msavepack[22m | 正在保存文件：res://.godot/imported/prop_seesaw_ruler.glb-7ffdb5b879bfabb9a2611d62b8cdef8c.scn[39m[0m
[  55% ] [90m[1msavepack[22m | 正在保存文件：res://assets/models/props/prop_seesaw_ruler.glb.import[39m[0m
[  56% ] [90m[1msavepack[22m | 正在保存文件：res://.godot/imported/prop_seesaw_ruler_aged_ivory_albedo.png-af0b83a9101e039ab30bdecc6a184bec.s3tc.ctex[39m[0m
[  56% ] [90m[1msavepack[22m | 正在保存文件：res://assets/models/props/prop_seesaw_ruler_aged_ivory_albedo.png.import[39m[0m
[  56% ] [90m[1msavepack[22m | 正在保存文件：res://.godot/imported/prop_seesaw_ruler_charcoal_steel_albedo.png-059a39c1707efc353f21fa1765eea47e.s3tc.ctex[39m[0m
[  56% ] [90m[1msavepack[22m | 正在保存文件：res://assets/models/props/prop_seesaw_ruler_charcoal_steel_albedo.png.import[39m[0m
[  56% ] [90m[1msavepack[22m | 正在保存文件：res://.godot/imported/prop_seesaw_ruler_worn_honey_wood_albedo.png-3286f0ec9f5ef99c00969d31ca9732e0.s3tc.ctex[39m[0m
[  56% ] [90m[1msavepack[22m | 正在保存文件：res://assets/models/props/prop_seesaw_ruler_worn_honey_wood_albedo.png.import[39m[0m
[  56% ] [90m[1msavepack[22m | 正在保存文件：res://.godot/imported/prop_shoebox.glb-e296031182bcd45b00b26e14e0b5dbfc.scn[39m[0m
[  56% ] [90m[1msavepack[22m | 正在保存文件：res://assets/models/props/prop_shoebox.glb.import[39m[0m
[  57% ] [90m[1msavepack[22m | 正在保存文件：res://.godot/imported/prop_shoebox_vintage+brown+box+3d+model_basecolor.jpg-8d1f9153ef1d4f97d2aebda779cf6148.s3tc.ctex[39m[0m
[  57% ] [90m[1msavepack[22m | 正在保存文件：res://assets/models/props/prop_shoebox_vintage+brown+box+3d+model_basecolor.jpg.import[39m[0m
[  57% ] [90m[1msavepack[22m | 正在保存文件：res://.godot/imported/prop_sleeping_grandfather.glb-4220361603f07bdbdb85dddb0dce0281.scn[39m[0m
[  57% ] [90m[1msavepack[22m | 正在保存文件：res://assets/models/props/prop_sleeping_grandfather.glb.import[39m[0m
[  57% ] [90m[1msavepack[22m | 正在保存文件：res://.godot/imported/prop_sleeping_grandfather_BroadGreyWhiteHair_Color.png-b01d85288b27f5794e426ca563ba8c94.ctex[39m[0m
[  57% ] [90m[1msavepack[22m | 正在保存文件：res://assets/models/props/prop_sleeping_grandfather_BroadGreyWhiteHair_Color.png.import[39m[0m
[  57% ] [90m[1msavepack[22m | 正在保存文件：res://.godot/imported/prop_sleeping_grandfather_FaintPajamaStripe_Color.png-43e824e6b58c0a6e157679773b128b69.ctex[39m[0m
[  57% ] [90m[1msavepack[22m | 正在保存文件：res://assets/models/props/prop_sleeping_grandfather_FaintPajamaStripe_Color.png.import[39m[0m
[  58% ] [90m[1msavepack[22m | 正在保存文件：res://.godot/imported/prop_sleeping_grandfather_IndistinctFaceMarks_Color.png-853250bf841c06ab6a71e89ecdc2b5ff.ctex[39m[0m
[  58% ] [90m[1msavepack[22m | 正在保存文件：res://assets/models/props/prop_sleeping_grandfather_IndistinctFaceMarks_Color.png.import[39m[0m
[  58% ] [90m[1msavepack[22m | 正在保存文件：res://.godot/imported/prop_sleeping_grandfather_IvoryPajamas_Color.png-8e9daa42331dc5aba708af5a86b35f43.ctex[39m[0m
[  58% ] [90m[1msavepack[22m | 正在保存文件：res://assets/models/props/prop_sleeping_grandfather_IvoryPajamas_Color.png.import[39m[0m
[  58% ] [90m[1msavepack[22m | 正在保存文件：res://.godot/imported/prop_sleeping_grandfather_sleeping+elderly+man+3d+model_basecolor.jpg-04183ad33c5c29b6dbb80d07ae071bce.s3tc.ctex[39m[0m
[  58% ] [90m[1msavepack[22m | 正在保存文件：res://assets/models/props/prop_sleeping_grandfather_sleeping+elderly+man+3d+model_basecolor.jpg.import[39m[0m
[  58% ] [90m[1msavepack[22m | 正在保存文件：res://.godot/imported/prop_sleeping_grandfather_SoftGrandfatherSkin_Color.png-3e57eb9dbd97ab5639f4f3be64bde40b.ctex[39m[0m
[  58% ] [90m[1msavepack[22m | 正在保存文件：res://assets/models/props/prop_sleeping_grandfather_SoftGrandfatherSkin_Color.png.import[39m[0m
[  58% ] [90m[1msavepack[22m | 正在保存文件：res://.godot/imported/prop_soft_landing_cushion.glb-d2560a77cd6eb975b332bf98f8743fdc.scn[39m[0m
[  58% ] [90m[1msavepack[22m | 正在保存文件：res://assets/models/props/prop_soft_landing_cushion.glb.import[39m[0m
[  59% ] [90m[1msavepack[22m | 正在保存文件：res://.godot/imported/prop_soft_landing_cushion_WornLandingCloth_Color.png-98ca95363b32cd0d463cfb5a5e2ccfec.s3tc.ctex[39m[0m
[  59% ] [90m[1msavepack[22m | 正在保存文件：res://assets/models/props/prop_soft_landing_cushion_WornLandingCloth_Color.png.import[39m[0m
[  59% ] [90m[1msavepack[22m | 正在保存文件：res://.godot/imported/prop_soft_pillow.glb-2df9f81b4543f798cfdaeccc7bec8194.scn[39m[0m
[  59% ] [90m[1msavepack[22m | 正在保存文件：res://assets/models/props/prop_soft_pillow.glb.import[39m[0m
[  59% ] [90m[1msavepack[22m | 正在保存文件：res://.godot/imported/prop_soft_pillow_padded+floor+mattress+3d+model_basecolor.jpg-3b7766a483390125bcffe1b9a4c1c75a.s3tc.ctex[39m[0m
[  59% ] [90m[1msavepack[22m | 正在保存文件：res://assets/models/props/prop_soft_pillow_padded+floor+mattress+3d+model_basecolor.jpg.import[39m[0m
[  59% ] [90m[1msavepack[22m | 正在保存文件：res://.godot/imported/prop_soft_pillow_WarmIvoryPillow_Color.png-6ea2e02beade61dca637534cc583a30e.ctex[39m[0m
[  59% ] [90m[1msavepack[22m | 正在保存文件：res://assets/models/props/prop_soft_pillow_WarmIvoryPillow_Color.png.import[39m[0m
[  60% ] [90m[1msavepack[22m | 正在保存文件：res://.godot/imported/prop_soft_quilt.glb-d0982a28a3e6c99b742e03176eca0bad.scn[39m[0m
[  60% ] [90m[1msavepack[22m | 正在保存文件：res://assets/models/props/prop_soft_quilt.glb.import[39m[0m
[  60% ] [90m[1msavepack[22m | 正在保存文件：res://.godot/imported/prop_soft_quilt_MutedQuiltStitch_Color.png-fd0ea7de2a6ffed08cb9ebadb94cb872.ctex[39m[0m
[  60% ] [90m[1msavepack[22m | 正在保存文件：res://assets/models/props/prop_soft_quilt_MutedQuiltStitch_Color.png.import[39m[0m
[  60% ] [90m[1msavepack[22m | 正在保存文件：res://.godot/imported/prop_soft_quilt_padded+floor+mattress+3d+model_basecolor.jpg-47147138ba4161b97a98a05ccad0e8ef.s3tc.ctex[39m[0m
[  60% ] [90m[1msavepack[22m | 正在保存文件：res://assets/models/props/prop_soft_quilt_padded+floor+mattress+3d+model_basecolor.jpg.import[39m[0m
[  60% ] [90m[1msavepack[22m | 正在保存文件：res://.godot/imported/prop_soft_quilt_WornDustyPlumQuilt_Color.png-fcd49ef5b40e8cde2d054f8cee52e7d6.ctex[39m[0m
[  60% ] [90m[1msavepack[22m | 正在保存文件：res://assets/models/props/prop_soft_quilt_WornDustyPlumQuilt_Color.png.import[39m[0m
[  61% ] [90m[1msavepack[22m | 正在保存文件：res://.godot/imported/prop_toy_truck.glb-cab009eae758e626e71f82df6ced4558.scn[39m[0m
[  61% ] [90m[1msavepack[22m | 正在保存文件：res://assets/models/props/prop_toy_truck.glb.import[39m[0m
[  61% ] [90m[1msavepack[22m | 正在保存文件：res://.godot/imported/prop_toy_truck_AgedIvory_albedo.png-761db3ba40439636ec5ed735951c565f.s3tc.ctex[39m[0m
[  61% ] [90m[1msavepack[22m | 正在保存文件：res://assets/models/props/prop_toy_truck_AgedIvory_albedo.png.import[39m[0m
[  61% ] [90m[1msavepack[22m | 正在保存文件：res://.godot/imported/prop_toy_truck_CharcoalSteel_albedo.png-8845ae3368f1c74d40795948ce96784b.s3tc.ctex[39m[0m
[  61% ] [90m[1msavepack[22m | 正在保存文件：res://assets/models/props/prop_toy_truck_CharcoalSteel_albedo.png.import[39m[0m
[  61% ] [90m[1msavepack[22m | 正在保存文件：res://.godot/imported/prop_toy_truck_FadedBrickRed_albedo.png-60d343f368a2773ec4d07a69a578bd09.s3tc.ctex[39m[0m
[  61% ] [90m[1msavepack[22m | 正在保存文件：res://assets/models/props/prop_toy_truck_FadedBrickRed_albedo.png.import[39m[0m
[  61% ] [90m[1msavepack[22m | 正在保存文件：res://.godot/imported/prop_toy_truck_OldRubber_albedo.png-2f2b34ea69a82c03ee1a852290104036.s3tc.ctex[39m[0m
[  61% ] [90m[1msavepack[22m | 正在保存文件：res://assets/models/props/prop_toy_truck_OldRubber_albedo.png.import[39m[0m
[  62% ] [90m[1msavepack[22m | 正在保存文件：res://.godot/imported/prop_toy_truck_WornOlivePaint_albedo.png-ee2cb6adff4a0c57740c34bdc75b4c04.s3tc.ctex[39m[0m
[  62% ] [90m[1msavepack[22m | 正在保存文件：res://assets/models/props/prop_toy_truck_WornOlivePaint_albedo.png.import[39m[0m
[  62% ] [90m[1msavepack[22m | 正在保存文件：res://.godot/imported/prop_train_carriage.glb-bcb373eeb02739d187668ec91c253c77.scn[39m[0m
[  62% ] [90m[1msavepack[22m | 正在保存文件：res://assets/models/props/prop_train_carriage.glb.import[39m[0m
[  62% ] [90m[1msavepack[22m | 正在保存文件：res://.godot/imported/prop_train_carriage_charcoal_steel_albedo.png-0f9c006982ab2a2453d5a5a22529bd18.s3tc.ctex[39m[0m
[  62% ] [90m[1msavepack[22m | 正在保存文件：res://assets/models/props/prop_train_carriage_charcoal_steel_albedo.png.import[39m[0m
[  62% ] [90m[1msavepack[22m | 正在保存文件：res://.godot/imported/prop_train_carriage_faded_brick_red_albedo.png-d51feb63102112e4088cf5439c19f1f6.s3tc.ctex[39m[0m
[  62% ] [90m[1msavepack[22m | 正在保存文件：res://assets/models/props/prop_train_carriage_faded_brick_red_albedo.png.import[39m[0m
[  63% ] [90m[1msavepack[22m | 正在保存文件：res://.godot/imported/prop_train_carriage_muted_brass_albedo.png-f52f79acff0364af7c62f38942ee8434.s3tc.ctex[39m[0m
[  63% ] [90m[1msavepack[22m | 正在保存文件：res://assets/models/props/prop_train_carriage_muted_brass_albedo.png.import[39m[0m
[  63% ] [90m[1msavepack[22m | 正在保存文件：res://.godot/imported/prop_train_track.glb-3b17750b9d534a95465f6a72143f2d56.scn[39m[0m
[  63% ] [90m[1msavepack[22m | 正在保存文件：res://assets/models/props/prop_train_track.glb.import[39m[0m
[  63% ] [90m[1msavepack[22m | 正在保存文件：res://.godot/imported/prop_train_track_charcoal_steel_albedo.png-35b2280568ce26b79cb1487fadd956db.s3tc.ctex[39m[0m
[  63% ] [90m[1msavepack[22m | 正在保存文件：res://assets/models/props/prop_train_track_charcoal_steel_albedo.png.import[39m[0m
[  63% ] [90m[1msavepack[22m | 正在保存文件：res://.godot/imported/prop_train_track_worn_honey_wood_albedo.png-506f47c9676e63a3228eaf289a7e8dda.s3tc.ctex[39m[0m
[  63% ] [90m[1msavepack[22m | 正在保存文件：res://assets/models/props/prop_train_track_worn_honey_wood_albedo.png.import[39m[0m
[  64% ] [90m[1msavepack[22m | 正在保存文件：res://.godot/imported/prop_wall_lamp.glb-8c34e9462649160c0a880225c0ed2a8a.scn[39m[0m
[  64% ] [90m[1msavepack[22m | 正在保存文件：res://assets/models/props/prop_wall_lamp.glb.import[39m[0m
[  64% ] [90m[1msavepack[22m | 正在保存文件：res://.godot/imported/prop_wall_lamp_AgedIvory_albedo.png-f77f13a60f2b548fa8776c7531e10ac7.s3tc.ctex[39m[0m
[  64% ] [90m[1msavepack[22m | 正在保存文件：res://assets/models/props/prop_wall_lamp_AgedIvory_albedo.png.import[39m[0m
[  64% ] [90m[1msavepack[22m | 正在保存文件：res://.godot/imported/prop_wall_lamp_CharcoalSteel_albedo.png-724fd03342e3f7907bab64e772da575e.s3tc.ctex[39m[0m
[  64% ] [90m[1msavepack[22m | 正在保存文件：res://assets/models/props/prop_wall_lamp_CharcoalSteel_albedo.png.import[39m[0m
[  64% ] [90m[1msavepack[22m | 正在保存文件：res://.godot/imported/prop_wall_lamp_MutedBrass_albedo.png-f13c48d4a0149628c6bf60d40ec14009.s3tc.ctex[39m[0m
[  64% ] [90m[1msavepack[22m | 正在保存文件：res://assets/models/props/prop_wall_lamp_MutedBrass_albedo.png.import[39m[0m
[  64% ] [90m[1msavepack[22m | 正在保存文件：res://.godot/imported/prop_water_glass.glb-b16ce5ad929a05fe57f46a7de71575c1.scn[39m[0m
[  64% ] [90m[1msavepack[22m | 正在保存文件：res://assets/models/props/prop_water_glass.glb.import[39m[0m
[  65% ] [90m[1msavepack[22m | 正在保存文件：res://.godot/imported/prop_water_glass_glass+tumbler+3d+model_basecolor.jpg-de568dd4ff192263cf2902dde70a5052.s3tc.ctex[39m[0m
[  65% ] [90m[1msavepack[22m | 正在保存文件：res://assets/models/props/prop_water_glass_glass+tumbler+3d+model_basecolor.jpg.import[39m[0m
[  65% ] [90m[1msavepack[22m | 正在保存文件：res://.godot/imported/prop_window_north.glb-e0c3610eb1a30b917f9c93aca1c153d7.scn[39m[0m
[  65% ] [90m[1msavepack[22m | 正在保存文件：res://assets/models/props/prop_window_north.glb.import[39m[0m
[  65% ] [90m[1msavepack[22m | 正在保存文件：res://.godot/imported/prop_window_north_worn_honey_wood_albedo.png-59fc8f12c0f1a100ac3424d602694da9.s3tc.ctex[39m[0m
[  65% ] [90m[1msavepack[22m | 正在保存文件：res://assets/models/props/prop_window_north_worn_honey_wood_albedo.png.import[39m[0m
[  65% ] [90m[1msavepack[22m | 正在保存文件：res://.godot/imported/prop_window_south.glb-6ea81df9c558d0db9807a727ac88c832.scn[39m[0m
[  65% ] [90m[1msavepack[22m | 正在保存文件：res://assets/models/props/prop_window_south.glb.import[39m[0m
[  66% ] [90m[1msavepack[22m | 正在保存文件：res://.godot/imported/prop_window_south_WornHoneyWood_albedo.png-43537e628230c49ac33bc0b6b023d636.s3tc.ctex[39m[0m
[  66% ] [90m[1msavepack[22m | 正在保存文件：res://assets/models/props/prop_window_south_WornHoneyWood_albedo.png.import[39m[0m
[  66% ] [90m[1msavepack[22m | 正在保存文件：res://shaders/track_belt.gdshader[39m[0m
[  66% ] [90m[1msavepack[22m | 正在保存文件：res://shaders/ps1_post.gdshader[39m[0m
[  66% ] [90m[1msavepack[22m | 正在保存文件：res://shaders/diorama_post.gdshader[39m[0m
[  66% ] [90m[1msavepack[22m | 正在保存文件：res://shaders/crt_screen.gdshader[39m[0m
[  66% ] [90m[1msavepack[22m | 正在保存文件：res://scripts/tv_screen.gdc[39m[0m
[  66% ] [90m[1msavepack[22m | 正在保存文件：res://.godot/imported/robot_parts.glb-5926fa4d61eee91d09d6c8391e90fa86.scn[39m[0m
[  66% ] [90m[1msavepack[22m | 正在保存文件：res://assets/models/robot_parts.glb.import[39m[0m
[  66% ] [90m[1msavepack[22m | 正在保存文件：res://.godot/imported/robot_parts_polished.glb-c222477da1ccfce965988712a3c38f1d.scn[39m[0m
[  66% ] [90m[1msavepack[22m | 正在保存文件：res://assets/models/robot_parts_polished.glb.import[39m[0m
[  66% ] [90m[1msavepack[22m | 正在保存文件：res://.godot/imported/robot_parts_polished_robot+3d+model_basecolor.jpg-bf8b6beb0665ce4d969bc67f4675ed98.ctex[39m[0m
[  66% ] [90m[1msavepack[22m | 正在保存文件：res://assets/models/robot_parts_polished_robot+3d+model_basecolor.jpg.import[39m[0m
[  67% ] [90m[1msavepack[22m | 正在保存文件：res://.godot/imported/robot_parts_robot+3d+model_basecolor.jpg-1705b483e0e883e58cf597874c979058.ctex[39m[0m
[  67% ] [90m[1msavepack[22m | 正在保存文件：res://assets/models/robot_parts_robot+3d+model_basecolor.jpg.import[39m[0m
[  67% ] [90m[1msavepack[22m | 正在保存文件：res://.godot/imported/robot_parts_robot+3d+model_normal.png-0f3131acb6afff8bcc54c91b9f82c2e4.ctex[39m[0m
[  67% ] [90m[1msavepack[22m | 正在保存文件：res://assets/models/robot_parts_robot+3d+model_normal.png.import[39m[0m
[  67% ] [90m[1msavepack[22m | 正在保存文件：res://.godot/imported/robot_parts_robot+3d+model_rm.jpg-768e302d9896b5e25f3c8c802a627675.ctex[39m[0m
[  67% ] [90m[1msavepack[22m | 正在保存文件：res://assets/models/robot_parts_robot+3d+model_rm.jpg.import[39m[0m
[  67% ] [90m[1msavepack[22m | 正在保存文件：res://.godot/imported/robot_parts_v2.glb-d542afdb105dc14c41f2b11efcfb4e7d.scn[39m[0m
[  67% ] [90m[1msavepack[22m | 正在保存文件：res://assets/models/robot_parts_v2.glb.import[39m[0m
[  68% ] [90m[1msavepack[22m | 正在保存文件：res://.godot/imported/robot_parts_v2_robot+3d+model_basecolor.jpg-1650b3e3fc27aaefac4330e3c6e3240d.ctex[39m[0m
[  68% ] [90m[1msavepack[22m | 正在保存文件：res://assets/models/robot_parts_v2_robot+3d+model_basecolor.jpg.import[39m[0m
[  68% ] [90m[1msavepack[22m | 正在保存文件：res://.godot/imported/robot_parts_v2_robot+3d+model_normal.png-06c1fc55cd2991fc3cbf07a56d5a8539.ctex[39m[0m
[  68% ] [90m[1msavepack[22m | 正在保存文件：res://assets/models/robot_parts_v2_robot+3d+model_normal.png.import[39m[0m
[  68% ] [90m[1msavepack[22m | 正在保存文件：res://.godot/imported/robot_parts_v2_robot+3d+model_rm.jpg-7052cbf9e873220305426ad7be142298.ctex[39m[0m
[  68% ] [90m[1msavepack[22m | 正在保存文件：res://assets/models/robot_parts_v2_robot+3d+model_rm.jpg.import[39m[0m
[  68% ] [90m[1msavepack[22m | 正在保存文件：res://scripts/tv_game.gdc[39m[0m
[  69% ] [90m[1msavepack[22m | 正在保存文件：res://scripts/tripo_structure_art.gdc[39m[0m
[  69% ] [90m[1msavepack[22m | 正在保存文件：res://scripts/tps_test.gdc[39m[0m
[  69% ] [90m[1msavepack[22m | 正在保存文件：res://.godot/imported/bat.png-3901531020a226da8c1682f9665ff4ba.ctex[39m[0m
[  69% ] [90m[1msavepack[22m | 正在保存文件：res://assets/pixel/bat.png.import[39m[0m
[  69% ] [90m[1msavepack[22m | 正在保存文件：res://.godot/imported/battery.png-b12df8d7cf05b1f8ac490f7ef74d7c28.ctex[39m[0m
[  69% ] [90m[1msavepack[22m | 正在保存文件：res://assets/pixel/battery.png.import[39m[0m
[  69% ] [90m[1msavepack[22m | 正在保存文件：res://.godot/imported/battery_shine_0.png-47f8bb087defa2237ba90e844af1d6c8.ctex[39m[0m
[  69% ] [90m[1msavepack[22m | 正在保存文件：res://assets/pixel/battery_shine_0.png.import[39m[0m
[  70% ] [90m[1msavepack[22m | 正在保存文件：res://.godot/imported/battery_shine_1.png-94aaf7f9292db50f867a6d96c59ca6ec.ctex[39m[0m
[  70% ] [90m[1msavepack[22m | 正在保存文件：res://assets/pixel/battery_shine_1.png.import[39m[0m
[  70% ] [90m[1msavepack[22m | 正在保存文件：res://.godot/imported/bat_flap_0.png-4068903cff967be5a5d7dc9d4d115187.ctex[39m[0m
[  70% ] [90m[1msavepack[22m | 正在保存文件：res://assets/pixel/bat_flap_0.png.import[39m[0m
[  70% ] [90m[1msavepack[22m | 正在保存文件：res://.godot/imported/bat_flap_1.png-076de6884cd56f065653a134c95b6751.ctex[39m[0m
[  70% ] [90m[1msavepack[22m | 正在保存文件：res://assets/pixel/bat_flap_1.png.import[39m[0m
[  70% ] [90m[1msavepack[22m | 正在保存文件：res://.godot/imported/bg_castle_far.png-1ae1da74a31b824ed9689e61f2099d77.ctex[39m[0m
[  70% ] [90m[1msavepack[22m | 正在保存文件：res://assets/pixel/bg_castle_far.png.import[39m[0m
[  71% ] [90m[1msavepack[22m | 正在保存文件：res://.godot/imported/bg_hills.png-af5e7c5f6ac3f3b8cd0e5da0cd13784b.ctex[39m[0m
[  71% ] [90m[1msavepack[22m | 正在保存文件：res://assets/pixel/bg_hills.png.import[39m[0m
[  71% ] [90m[1msavepack[22m | 正在保存文件：res://.godot/imported/bg_princess_tower.png-b6d0af8fced5e348b9c47b2be2a05e8e.ctex[39m[0m
[  71% ] [90m[1msavepack[22m | 正在保存文件：res://assets/pixel/bg_princess_tower.png.import[39m[0m
[  71% ] [90m[1msavepack[22m | 正在保存文件：res://.godot/imported/bg_sky.png-25adeda6724eafc213328b1e89d2803d.ctex[39m[0m
[  71% ] [90m[1msavepack[22m | 正在保存文件：res://assets/pixel/bg_sky.png.import[39m[0m
[  71% ] [90m[1msavepack[22m | 正在保存文件：res://.godot/imported/bg_stars.png-f65112038b97d335a1311ac5d6af3eea.ctex[39m[0m
[  71% ] [90m[1msavepack[22m | 正在保存文件：res://assets/pixel/bg_stars.png.import[39m[0m
[  72% ] [90m[1msavepack[22m | 正在保存文件：res://.godot/imported/bot.png-3c8b44149fce821042cc846086049edb.ctex[39m[0m
[  72% ] [90m[1msavepack[22m | 正在保存文件：res://assets/pixel/bot.png.import[39m[0m
[  72% ] [90m[1msavepack[22m | 正在保存文件：res://.godot/imported/bot_claw.png-5ec04363cd431a066d03b3380144d24e.ctex[39m[0m
[  72% ] [90m[1msavepack[22m | 正在保存文件：res://assets/pixel/bot_claw.png.import[39m[0m
[  72% ] [90m[1msavepack[22m | 正在保存文件：res://.godot/imported/bot_claw_attack_0.png-6ccc5f751726f38194e9032aff8955bc.ctex[39m[0m
[  72% ] [90m[1msavepack[22m | 正在保存文件：res://assets/pixel/bot_claw_attack_0.png.import[39m[0m
[  72% ] [90m[1msavepack[22m | 正在保存文件：res://.godot/imported/bot_claw_attack_1.png-9265b14aaee979668ecfc74563b82374.ctex[39m[0m
[  72% ] [90m[1msavepack[22m | 正在保存文件：res://assets/pixel/bot_claw_attack_1.png.import[39m[0m
[  72% ] [90m[1msavepack[22m | 正在保存文件：res://.godot/imported/bot_claw_attack_2.png-167daf6d65bfce5217c25f70787d1501.ctex[39m[0m
[  72% ] [90m[1msavepack[22m | 正在保存文件：res://assets/pixel/bot_claw_attack_2.png.import[39m[0m
[  73% ] [90m[1msavepack[22m | 正在保存文件：res://.godot/imported/bot_fall_0.png-b3ffa3ee8db71ba29ef79716e58220cb.ctex[39m[0m
[  73% ] [90m[1msavepack[22m | 正在保存文件：res://assets/pixel/bot_fall_0.png.import[39m[0m
[  73% ] [90m[1msavepack[22m | 正在保存文件：res://.godot/imported/bot_hurt_0.png-b3137f6602031e7dc19152d94d944562.ctex[39m[0m
[  73% ] [90m[1msavepack[22m | 正在保存文件：res://assets/pixel/bot_hurt_0.png.import[39m[0m
[  73% ] [90m[1msavepack[22m | 正在保存文件：res://.godot/imported/bot_idle_0.png-0b5bda3c73fdde4cf216533ea46c75c7.ctex[39m[0m
[  73% ] [90m[1msavepack[22m | 正在保存文件：res://assets/pixel/bot_idle_0.png.import[39m[0m
[  73% ] [90m[1msavepack[22m | 正在保存文件：res://.godot/imported/bot_idle_1.png-4676f241b79afca876fe6e041ee40405.ctex[39m[0m
[  73% ] [90m[1msavepack[22m | 正在保存文件：res://assets/pixel/bot_idle_1.png.import[39m[0m
[  74% ] [90m[1msavepack[22m | 正在保存文件：res://.godot/imported/bot_jump_0.png-bd8d4b527e6a713f1c5e241ad5dfa5ed.ctex[39m[0m
[  74% ] [90m[1msavepack[22m | 正在保存文件：res://assets/pixel/bot_jump_0.png.import[39m[0m
[  74% ] [90m[1msavepack[22m | 正在保存文件：res://.godot/imported/bot_walk_0.png-ed4f7bb320535c796af16ef02c3d3f19.ctex[39m[0m
[  74% ] [90m[1msavepack[22m | 正在保存文件：res://assets/pixel/bot_walk_0.png.import[39m[0m
[  74% ] [90m[1msavepack[22m | 正在保存文件：res://.godot/imported/bot_walk_1.png-6796edaaee3905483d597041753927c4.ctex[39m[0m
[  74% ] [90m[1msavepack[22m | 正在保存文件：res://assets/pixel/bot_walk_1.png.import[39m[0m
[  74% ] [90m[1msavepack[22m | 正在保存文件：res://.godot/imported/bot_walk_2.png-ae86be34a0dec090e76b2d6f23d50583.ctex[39m[0m
[  74% ] [90m[1msavepack[22m | 正在保存文件：res://assets/pixel/bot_walk_2.png.import[39m[0m
[  75% ] [90m[1msavepack[22m | 正在保存文件：res://.godot/imported/bot_walk_3.png-b8f64316ddb01128ca793c3b9841dc77.ctex[39m[0m
[  75% ] [90m[1msavepack[22m | 正在保存文件：res://assets/pixel/bot_walk_3.png.import[39m[0m
[  75% ] [90m[1msavepack[22m | 正在保存文件：res://.godot/imported/coin_cell.png-4c401f6a49278ac11b946e3704dbff9e.ctex[39m[0m
[  75% ] [90m[1msavepack[22m | 正在保存文件：res://assets/pixel/coin_cell.png.import[39m[0m
[  75% ] [90m[1msavepack[22m | 正在保存文件：res://.godot/imported/coin_slot.png-d85c314cce8d9ca3016c66b8202ead76.ctex[39m[0m
[  75% ] [90m[1msavepack[22m | 正在保存文件：res://assets/pixel/coin_slot.png.import[39m[0m
[  75% ] [90m[1msavepack[22m | 正在保存文件：res://.godot/imported/dragon_body.png-7793bbf6891ac9956e7178c612e00be3.ctex[39m[0m
[  75% ] [90m[1msavepack[22m | 正在保存文件：res://assets/pixel/dragon_body.png.import[39m[0m
[  75% ] [90m[1msavepack[22m | 正在保存文件：res://.godot/imported/dragon_head.png-626bffcbe37e8777f4cd295757de3b17.ctex[39m[0m
[  75% ] [90m[1msavepack[22m | 正在保存文件：res://assets/pixel/dragon_head.png.import[39m[0m
[  76% ] [90m[1msavepack[22m | 正在保存文件：res://.godot/imported/dragon_head_dazed.png-0c6400effaa8c3094de6177cd2e5e22c.ctex[39m[0m
[  76% ] [90m[1msavepack[22m | 正在保存文件：res://assets/pixel/dragon_head_dazed.png.import[39m[0m
[  76% ] [90m[1msavepack[22m | 正在保存文件：res://.godot/imported/dragon_head_open.png-f2cb201fd6ba81182e3dae4e0f0c4ae5.ctex[39m[0m
[  76% ] [90m[1msavepack[22m | 正在保存文件：res://assets/pixel/dragon_head_open.png.import[39m[0m
[  76% ] [90m[1msavepack[22m | 正在保存文件：res://.godot/imported/dragon_neck.png-4e219fab9db57e069eec08d3afc56176.ctex[39m[0m
[  76% ] [90m[1msavepack[22m | 正在保存文件：res://assets/pixel/dragon_neck.png.import[39m[0m
[  76% ] [90m[1msavepack[22m | 正在保存文件：res://.godot/imported/dragon_tail.png-09751d8f2cf5b46d58f2668ec652c44d.ctex[39m[0m
[  76% ] [90m[1msavepack[22m | 正在保存文件：res://assets/pixel/dragon_tail.png.import[39m[0m
[  77% ] [90m[1msavepack[22m | 正在保存文件：res://.godot/imported/dragon_tail_tip.png-a1da0b790962f1e0b0ea419d4fbe0023.ctex[39m[0m
[  77% ] [90m[1msavepack[22m | 正在保存文件：res://assets/pixel/dragon_tail_tip.png.import[39m[0m
[  77% ] [90m[1msavepack[22m | 正在保存文件：res://.godot/imported/dragon_wing.png-dd1c8837ee522689b0d28dbdc72ecf89.ctex[39m[0m
[  77% ] [90m[1msavepack[22m | 正在保存文件：res://assets/pixel/dragon_wing.png.import[39m[0m
[  77% ] [90m[1msavepack[22m | 正在保存文件：res://.godot/imported/dragon_wing_down.png-9d79d8455c64a77760dd7404ba345001.ctex[39m[0m
[  77% ] [90m[1msavepack[22m | 正在保存文件：res://assets/pixel/dragon_wing_down.png.import[39m[0m
[  77% ] [90m[1msavepack[22m | 正在保存文件：res://.godot/imported/fireball.png-68b7ed48cf92e88b5d6c02c37c05bc0c.ctex[39m[0m
[  77% ] [90m[1msavepack[22m | 正在保存文件：res://assets/pixel/fireball.png.import[39m[0m
[  78% ] [90m[1msavepack[22m | 正在保存文件：res://.godot/imported/fireball_roll_0.png-5caa5b735959fafa27a7aec37c0d8e88.ctex[39m[0m
[  78% ] [90m[1msavepack[22m | 正在保存文件：res://assets/pixel/fireball_roll_0.png.import[39m[0m
[  78% ] [90m[1msavepack[22m | 正在保存文件：res://.godot/imported/fireball_roll_1.png-3ea7869785e38b1000d35e38b48679c4.ctex[39m[0m
[  78% ] [90m[1msavepack[22m | 正在保存文件：res://assets/pixel/fireball_roll_1.png.import[39m[0m
[  78% ] [90m[1msavepack[22m | 正在保存文件：res://.godot/imported/heart.png-984f5d6e06d90b05d0cfe25f2436aa86.ctex[39m[0m
[  78% ] [90m[1msavepack[22m | 正在保存文件：res://assets/pixel/heart.png.import[39m[0m
[  78% ] [90m[1msavepack[22m | 正在保存文件：res://.godot/imported/hud_battery.png-3811678e8b7346e2d68850e4630d4939.ctex[39m[0m
[  78% ] [90m[1msavepack[22m | 正在保存文件：res://assets/pixel/hud_battery.png.import[39m[0m
[  78% ] [90m[1msavepack[22m | 正在保存文件：res://.godot/imported/hud_boss_pip_off.png-d7de4487974f529424c60db21acc17f8.ctex[39m[0m
[  78% ] [90m[1msavepack[22m | 正在保存文件：res://assets/pixel/hud_boss_pip_off.png.import[39m[0m
[  79% ] [90m[1msavepack[22m | 正在保存文件：res://.godot/imported/hud_boss_pip_on.png-84b5c548302985d9cf6bbf3ba2ad2118.ctex[39m[0m
[  79% ] [90m[1msavepack[22m | 正在保存文件：res://assets/pixel/hud_boss_pip_on.png.import[39m[0m
[  79% ] [90m[1msavepack[22m | 正在保存文件：res://.godot/imported/hud_cell_off.png-c432426b24d94be81996aa8ea2c7e950.ctex[39m[0m
[  79% ] [90m[1msavepack[22m | 正在保存文件：res://assets/pixel/hud_cell_off.png.import[39m[0m
[  79% ] [90m[1msavepack[22m | 正在保存文件：res://.godot/imported/hud_cell_on.png-e7a99bb45d2f102289378b8964d06129.ctex[39m[0m
[  79% ] [90m[1msavepack[22m | 正在保存文件：res://assets/pixel/hud_cell_on.png.import[39m[0m
[  79% ] [90m[1msavepack[22m | 正在保存文件：res://.godot/imported/key_A.png-d103bd888028909e23d54de1ace9459c.ctex[39m[0m
[  79% ] [90m[1msavepack[22m | 正在保存文件：res://assets/pixel/key_A.png.import[39m[0m
[  80% ] [90m[1msavepack[22m | 正在保存文件：res://.godot/imported/key_D.png-db73441de21f742f7a76d693b0b3c77d.ctex[39m[0m
[  80% ] [90m[1msavepack[22m | 正在保存文件：res://assets/pixel/key_D.png.import[39m[0m
[  80% ] [90m[1msavepack[22m | 正在保存文件：res://.godot/imported/key_J.png-0f3d39a733df98f9e822b524c4f89ad3.ctex[39m[0m
[  80% ] [90m[1msavepack[22m | 正在保存文件：res://assets/pixel/key_J.png.import[39m[0m
[  80% ] [90m[1msavepack[22m | 正在保存文件：res://.godot/imported/key_mouse.png-7e06e11dc7e94946faf9aabfe4b81603.ctex[39m[0m
[  80% ] [90m[1msavepack[22m | 正在保存文件：res://assets/pixel/key_mouse.png.import[39m[0m
[  80% ] [90m[1msavepack[22m | 正在保存文件：res://.godot/imported/key_SPACE.png-5a5b734ee1901dc61dabdbe227757522.ctex[39m[0m
[  80% ] [90m[1msavepack[22m | 正在保存文件：res://assets/pixel/key_SPACE.png.import[39m[0m
[  81% ] [90m[1msavepack[22m | 正在保存文件：res://.godot/imported/knight.png-79ceca3ee27c5c2768e13dbb2da5a8c7.ctex[39m[0m
[  81% ] [90m[1msavepack[22m | 正在保存文件：res://assets/pixel/knight.png.import[39m[0m
[  81% ] [90m[1msavepack[22m | 正在保存文件：res://.godot/imported/knight_recover_0.png-4d7fb2b37f2cb9ff034e8f42d40525ff.ctex[39m[0m
[  81% ] [90m[1msavepack[22m | 正在保存文件：res://assets/pixel/knight_recover_0.png.import[39m[0m
[  81% ] [90m[1msavepack[22m | 正在保存文件：res://.godot/imported/knight_sword.png-96e0b8c573b64484a2531de4fffb2a62.ctex[39m[0m
[  81% ] [90m[1msavepack[22m | 正在保存文件：res://assets/pixel/knight_sword.png.import[39m[0m
[  81% ] [90m[1msavepack[22m | 正在保存文件：res://.godot/imported/knight_thrust_0.png-eda234bdbfadf008f120873fa3601470.ctex[39m[0m
[  81% ] [90m[1msavepack[22m | 正在保存文件：res://assets/pixel/knight_thrust_0.png.import[39m[0m
[  81% ] [90m[1msavepack[22m | 正在保存文件：res://.godot/imported/knight_walk_0.png-e40c797c88f86199f3637629b5b98404.ctex[39m[0m
[  81% ] [90m[1msavepack[22m | 正在保存文件：res://assets/pixel/knight_walk_0.png.import[39m[0m
[  82% ] [90m[1msavepack[22m | 正在保存文件：res://.godot/imported/knight_walk_1.png-5f8a207e14adf7302f7a65c5b0b5ee4f.ctex[39m[0m
[  82% ] [90m[1msavepack[22m | 正在保存文件：res://assets/pixel/knight_walk_1.png.import[39m[0m
[  82% ] [90m[1msavepack[22m | 正在保存文件：res://.godot/imported/knight_windup_0.png-169c6ebf97e4c7bf7cb533968c4d18b7.ctex[39m[0m
[  82% ] [90m[1msavepack[22m | 正在保存文件：res://assets/pixel/knight_windup_0.png.import[39m[0m
[  82% ] [90m[1msavepack[22m | 正在保存文件：res://.godot/imported/orb.png-81efd7936d2c1f5d77a8664d1cd90905.ctex[39m[0m
[  82% ] [90m[1msavepack[22m | 正在保存文件：res://assets/pixel/orb.png.import[39m[0m
[  82% ] [90m[1msavepack[22m | 正在保存文件：res://.godot/imported/orb_pulse_0.png-559b546f6dbd018ba528bbfc01b8920c.ctex[39m[0m
[  82% ] [90m[1msavepack[22m | 正在保存文件：res://assets/pixel/orb_pulse_0.png.import[39m[0m
[  83% ] [90m[1msavepack[22m | 正在保存文件：res://.godot/imported/orb_pulse_1.png-306b793770f62f4008f64f2fd3fe0b18.ctex[39m[0m
[  83% ] [90m[1msavepack[22m | 正在保存文件：res://assets/pixel/orb_pulse_1.png.import[39m[0m
[  83% ] [90m[1msavepack[22m | 正在保存文件：res://.godot/imported/plank.png-22bf2f8ef892979cc69b2878f338158c.ctex[39m[0m
[  83% ] [90m[1msavepack[22m | 正在保存文件：res://assets/pixel/plank.png.import[39m[0m
[  83% ] [90m[1msavepack[22m | 正在保存文件：res://.godot/imported/plank_shake.png-b105859699cf56aa8361335b08cf6467.ctex[39m[0m
[  83% ] [90m[1msavepack[22m | 正在保存文件：res://assets/pixel/plank_shake.png.import[39m[0m
[  83% ] [90m[1msavepack[22m | 正在保存文件：res://.godot/imported/plank_shake_0.png-e3a9551585735aaa00ea10c5f1c19041.ctex[39m[0m
[  83% ] [90m[1msavepack[22m | 正在保存文件：res://assets/pixel/plank_shake_0.png.import[39m[0m
[  84% ] [90m[1msavepack[22m | 正在保存文件：res://.godot/imported/plank_shake_1.png-386746290defde280b0226186e49dda0.ctex[39m[0m
[  84% ] [90m[1msavepack[22m | 正在保存文件：res://assets/pixel/plank_shake_1.png.import[39m[0m
[  84% ] [90m[1msavepack[22m | 正在保存文件：res://.godot/imported/platform.png-7a8bcc3a6a993b5e1fad7a7b48472508.ctex[39m[0m
[  84% ] [90m[1msavepack[22m | 正在保存文件：res://assets/pixel/platform.png.import[39m[0m
[  84% ] [90m[1msavepack[22m | 正在保存文件：res://.godot/imported/princess.png-856602433b8dd2c77322edc447dc4115.ctex[39m[0m
[  84% ] [90m[1msavepack[22m | 正在保存文件：res://assets/pixel/princess.png.import[39m[0m
[  84% ] [90m[1msavepack[22m | 正在保存文件：res://.godot/imported/princess_rescued_0.png-2f4255105136d5b65f83fb7b02a12adc.ctex[39m[0m
[  84% ] [90m[1msavepack[22m | 正在保存文件：res://assets/pixel/princess_rescued_0.png.import[39m[0m
[  84% ] [90m[1msavepack[22m | 正在保存文件：res://.godot/imported/princess_rescued_1.png-d754b45187816e73a87a41ba03a7f9ef.ctex[39m[0m
[  84% ] [90m[1msavepack[22m | 正在保存文件：res://assets/pixel/princess_rescued_1.png.import[39m[0m
[  85% ] [90m[1msavepack[22m | 正在保存文件：res://.godot/imported/princess_wait_0.png-e056f705c65af75c880b40f08725c37c.ctex[39m[0m
[  85% ] [90m[1msavepack[22m | 正在保存文件：res://assets/pixel/princess_wait_0.png.import[39m[0m
[  85% ] [90m[1msavepack[22m | 正在保存文件：res://.godot/imported/princess_wait_1.png-98edf44305baa84f484ae1a0082d4611.ctex[39m[0m
[  85% ] [90m[1msavepack[22m | 正在保存文件：res://assets/pixel/princess_wait_1.png.import[39m[0m
[  85% ] [90m[1msavepack[22m | 正在保存文件：res://.godot/imported/princess_wave_0.png-912981af313228519e41e44375cdb892.ctex[39m[0m
[  85% ] [90m[1msavepack[22m | 正在保存文件：res://assets/pixel/princess_wave_0.png.import[39m[0m
[  85% ] [90m[1msavepack[22m | 正在保存文件：res://.godot/imported/princess_wave_1.png-eb93e2c6465010b24ab36965a061c4fc.ctex[39m[0m
[  85% ] [90m[1msavepack[22m | 正在保存文件：res://assets/pixel/princess_wave_1.png.import[39m[0m
[  86% ] [90m[1msavepack[22m | 正在保存文件：res://.godot/imported/slime.png-29964a9747d2ec5fdaca2b0048fac5d3.ctex[39m[0m
[  86% ] [90m[1msavepack[22m | 正在保存文件：res://assets/pixel/slime.png.import[39m[0m
[  86% ] [90m[1msavepack[22m | 正在保存文件：res://.godot/imported/slime_crawl_0.png-a537cedea6b87961c59232c880cb4fb0.ctex[39m[0m
[  86% ] [90m[1msavepack[22m | 正在保存文件：res://assets/pixel/slime_crawl_0.png.import[39m[0m
[  86% ] [90m[1msavepack[22m | 正在保存文件：res://.godot/imported/slime_crawl_1.png-5e3c31ee0e166c1a0064f47175bf5bac.ctex[39m[0m
[  86% ] [90m[1msavepack[22m | 正在保存文件：res://assets/pixel/slime_crawl_1.png.import[39m[0m
[  86% ] [90m[1msavepack[22m | 正在保存文件：res://.godot/imported/spikes.png-7816971ed1d73429bf5c863148a485a6.ctex[39m[0m
[  86% ] [90m[1msavepack[22m | 正在保存文件：res://assets/pixel/spikes.png.import[39m[0m
[  87% ] [90m[1msavepack[22m | 正在保存文件：res://.godot/imported/tile_dirt.png-d896e78967f103b74a52805649384c56.ctex[39m[0m
[  87% ] [90m[1msavepack[22m | 正在保存文件：res://assets/pixel/tile_dirt.png.import[39m[0m
[  87% ] [90m[1msavepack[22m | 正在保存文件：res://.godot/imported/tile_gate.png-a4d6098566f306622d648c002e19fd0c.ctex[39m[0m
[  87% ] [90m[1msavepack[22m | 正在保存文件：res://assets/pixel/tile_gate.png.import[39m[0m
[  87% ] [90m[1msavepack[22m | 正在保存文件：res://.godot/imported/tile_grass.png-f4e3ecb144aab7034f820d1e36b6af88.ctex[39m[0m
[  87% ] [90m[1msavepack[22m | 正在保存文件：res://assets/pixel/tile_grass.png.import[39m[0m
[  87% ] [90m[1msavepack[22m | 正在保存文件：res://.godot/imported/tile_rock.png-d10d5eaa60db62ee209df1f28035e0a8.ctex[39m[0m
[  87% ] [90m[1msavepack[22m | 正在保存文件：res://assets/pixel/tile_rock.png.import[39m[0m
[  87% ] [90m[1msavepack[22m | 正在保存文件：res://.godot/imported/tile_stone.png-a538deedb4169f734fe327fa15168360.ctex[39m[0m
[  87% ] [90m[1msavepack[22m | 正在保存文件：res://assets/pixel/tile_stone.png.import[39m[0m
[  88% ] [90m[1msavepack[22m | 正在保存文件：res://.godot/imported/tile_tower_top.png-1b7327529a4d74bf2b49e770b5ad4bb7.ctex[39m[0m
[  88% ] [90m[1msavepack[22m | 正在保存文件：res://assets/pixel/tile_tower_top.png.import[39m[0m
[  88% ] [90m[1msavepack[22m | 正在保存文件：res://.godot/imported/turret.png-ae26c6e523fd031cbe70e1bd42fc0443.ctex[39m[0m
[  88% ] [90m[1msavepack[22m | 正在保存文件：res://assets/pixel/turret.png.import[39m[0m
[  88% ] [90m[1msavepack[22m | 正在保存文件：res://.godot/imported/turret_charge_0.png-86dc65d712e92a9fdcbe3bc6b428abd7.ctex[39m[0m
[  88% ] [90m[1msavepack[22m | 正在保存文件：res://assets/pixel/turret_charge_0.png.import[39m[0m
[  88% ] [90m[1msavepack[22m | 正在保存文件：res://.godot/imported/turret_idle_0.png-e3b9178f9d5da64fed2185c6175c3601.ctex[39m[0m
[  88% ] [90m[1msavepack[22m | 正在保存文件：res://assets/pixel/turret_idle_0.png.import[39m[0m
[  89% ] [90m[1msavepack[22m | 正在保存文件：res://.godot/imported/desk_wood.png-e4537b82c06e06bc4a1358c02a41151b.ctex[39m[0m
[  89% ] [90m[1msavepack[22m | 正在保存文件：res://assets/textures/desk_wood.png.import[39m[0m
[  89% ] [90m[1msavepack[22m | 正在保存文件：res://.godot/imported/tex_floor_boards.png-b3b8cb648bbd3576070f55c39ee702e3.ctex[39m[0m
[  89% ] [90m[1msavepack[22m | 正在保存文件：res://assets/textures/tex_floor_boards.png.import[39m[0m
[  89% ] [90m[1msavepack[22m | 正在保存文件：res://.godot/imported/tex_wall_boards.png-21e7f2cf83b282cdd3b485ffec3e2890.ctex[39m[0m
[  89% ] [90m[1msavepack[22m | 正在保存文件：res://assets/textures/tex_wall_boards.png.import[39m[0m
[  89% ] [90m[1msavepack[22m | 正在保存文件：res://.godot/imported/tex_wall_tile.png-b6286afc6c3f3a7335c270fe002dcdb5.ctex[39m[0m
[  89% ] [90m[1msavepack[22m | 正在保存文件：res://assets/textures/tex_wall_tile.png.import[39m[0m
[  90% ] [90m[1msavepack[22m | 正在保存文件：res://.godot/exported/133200997/export-3ad5c15c4f3250da0cc7c1af1770d85f-main.scn[39m[0m
[  90% ] [90m[1msavepack[22m | 正在保存文件：res://.godot/exported/133200997/export-bd53589f87ab4193072236c831b72494-post_fx.scn[39m[0m
[  90% ] [90m[1msavepack[22m | 正在保存文件：res://.godot/exported/133200997/export-af9f059ac971dd9722aae888563e9bd1-robot_test.scn[39m[0m
[  90% ] [90m[1msavepack[22m | 正在保存文件：res://.godot/exported/133200997/export-9d65d9b5d82f26ef2a89ece08ca936e6-room.scn[39m[0m
[  90% ] [90m[1msavepack[22m | 正在保存文件：res://.godot/exported/133200997/export-1f317455290310368203a73618de45af-title.scn[39m[0m
[  91% ] [90m[1msavepack[22m | 正在保存文件：res://.godot/exported/133200997/export-950a11933284dbc5ab0aa92bdea2a2c9-tps_player.scn[39m[0m
[  91% ] [90m[1msavepack[22m | 正在保存文件：res://.godot/exported/133200997/export-f07df0863bfcedcdbe67f38a18ae6f35-tps_test.scn[39m[0m
[  91% ] [90m[1msavepack[22m | 正在保存文件：res://scripts/components/battery_pickup.gdc[39m[0m
[  91% ] [90m[1msavepack[22m | 正在保存文件：res://scripts/components/checkpoint.gdc[39m[0m
[  92% ] [90m[1msavepack[22m | 正在保存文件：res://scripts/components/hazard.gdc[39m[0m
[  92% ] [90m[1msavepack[22m | 正在保存文件：res://scripts/components/hole_fill.gdc[39m[0m
[  92% ] [90m[1msavepack[22m | 正在保存文件：res://scripts/components/interactable.gdc[39m[0m
[  92% ] [90m[1msavepack[22m | 正在保存文件：res://scripts/components/pushable.gdc[39m[0m
[  93% ] [90m[1msavepack[22m | 正在保存文件：res://scripts/components/reveal_light.gdc[39m[0m
[  93% ] [90m[1msavepack[22m | 正在保存文件：res://scripts/components/toy_train.gdc[39m[0m
[  93% ] [90m[1msavepack[22m | 正在保存文件：res://scripts/background_figure.gdc[39m[0m
[  93% ] [90m[1msavepack[22m | 正在保存文件：res://scripts/bedroom_finish_art.gdc[39m[0m
[  93% ] [90m[1msavepack[22m | 正在保存文件：res://scripts/bedroom_layout_art.gdc[39m[0m
[  94% ] [90m[1msavepack[22m | 正在保存文件：res://scripts/bedroom_look.gdc[39m[0m
[  94% ] [90m[1msavepack[22m | 正在保存文件：res://scripts/bedroom_soft_art.gdc[39m[0m
[  94% ] [90m[1msavepack[22m | 正在保存文件：res://scripts/desk_maze.gdc[39m[0m
[  94% ] [90m[1msavepack[22m | 正在保存文件：res://scripts/desk_maze_dressing.gdc[39m[0m
[  95% ] [90m[1msavepack[22m | 正在保存文件：res://scripts/desk_maze_kit.gdc[39m[0m
[  95% ] [90m[1msavepack[22m | 正在保存文件：res://scripts/desk_note_art.gdc[39m[0m
[  95% ] [90m[1msavepack[22m | 正在保存文件：res://scripts/game.gdc[39m[0m
[  95% ] [90m[1msavepack[22m | 正在保存文件：res://scripts/hud.gdc[39m[0m
[  96% ] [90m[1msavepack[22m | 正在保存文件：res://scripts/jack_lid_art.gdc[39m[0m
[  96% ] [90m[1msavepack[22m | 正在保存文件：res://scripts/main.gdc[39m[0m
[  96% ] [90m[1msavepack[22m | 正在保存文件：res://scripts/model_util.gdc[39m[0m
[  96% ] [90m[1msavepack[22m | 正在保存文件：res://scripts/player.gdc[39m[0m
[  96% ] [90m[1msavepack[22m | 正在保存文件：res://scripts/post_fx.gdc[39m[0m
[  97% ] [90m[1msavepack[22m | 正在保存文件：res://scripts/robot_rig.gdc[39m[0m
[  97% ] [90m[1msavepack[22m | 正在保存文件：res://scripts/robot_test.gdc[39m[0m
[  97% ] [90m[1msavepack[22m | 正在保存文件：res://scripts/room.gdc[39m[0m
[  97% ] [90m[1msavepack[22m | 正在保存文件：res://scripts/room_art.gdc[39m[0m
[  98% ] [90m[1msavepack[22m | 正在保存文件：res://scripts/room_structure_art.gdc[39m[0m
[  98% ] [90m[1msavepack[22m | 正在保存文件：res://scripts/stalker.gdc[39m[0m
[  98% ] [90m[1msavepack[22m | 正在保存文件：res://scripts/title.gdc[39m[0m
[  98% ] [90m[1msavepack[22m | 正在保存文件：res://scripts/tps_player.gdc[39m[0m
[  98% ] [90m[1msavepack[22m | 正在保存文件：res://scripts/tv_screen.gd.remap[39m[0m
[  98% ] [90m[1msavepack[22m | 正在保存文件：res://scripts/tv_game.gd.remap[39m[0m
[  98% ] [90m[1msavepack[22m | 正在保存文件：res://scripts/tripo_structure_art.gd.remap[39m[0m
[  98% ] [90m[1msavepack[22m | 正在保存文件：res://scripts/tps_test.gd.remap[39m[0m
[  98% ] [90m[1msavepack[22m | 正在保存文件：res://scenes/main.tscn.remap[39m[0m
[  98% ] [90m[1msavepack[22m | 正在保存文件：res://scenes/post_fx.tscn.remap[39m[0m
[  98% ] [90m[1msavepack[22m | 正在保存文件：res://scenes/robot_test.tscn.remap[39m[0m
[  98% ] [90m[1msavepack[22m | 正在保存文件：res://scenes/room.tscn.remap[39m[0m
[  98% ] [90m[1msavepack[22m | 正在保存文件：res://scenes/title.tscn.remap[39m[0m
[  98% ] [90m[1msavepack[22m | 正在保存文件：res://scenes/tps_player.tscn.remap[39m[0m
[  98% ] [90m[1msavepack[22m | 正在保存文件：res://scenes/tps_test.tscn.remap[39m[0m
[  98% ] [90m[1msavepack[22m | 正在保存文件：res://scripts/components/battery_pickup.gd.remap[39m[0m
[  98% ] [90m[1msavepack[22m | 正在保存文件：res://scripts/components/checkpoint.gd.remap[39m[0m
[  98% ] [90m[1msavepack[22m | 正在保存文件：res://scripts/components/hazard.gd.remap[39m[0m
[  98% ] [90m[1msavepack[22m | 正在保存文件：res://scripts/components/hole_fill.gd.remap[39m[0m
[  98% ] [90m[1msavepack[22m | 正在保存文件：res://scripts/components/interactable.gd.remap[39m[0m
[  98% ] [90m[1msavepack[22m | 正在保存文件：res://scripts/components/pushable.gd.remap[39m[0m
[  98% ] [90m[1msavepack[22m | 正在保存文件：res://scripts/components/reveal_light.gd.remap[39m[0m
[  98% ] [90m[1msavepack[22m | 正在保存文件：res://scripts/components/toy_train.gd.remap[39m[0m
[  98% ] [90m[1msavepack[22m | 正在保存文件：res://scripts/background_figure.gd.remap[39m[0m
[  98% ] [90m[1msavepack[22m | 正在保存文件：res://scripts/bedroom_finish_art.gd.remap[39m[0m
[  98% ] [90m[1msavepack[22m | 正在保存文件：res://scripts/bedroom_layout_art.gd.remap[39m[0m
[  98% ] [90m[1msavepack[22m | 正在保存文件：res://scripts/bedroom_look.gd.remap[39m[0m
[  98% ] [90m[1msavepack[22m | 正在保存文件：res://scripts/bedroom_soft_art.gd.remap[39m[0m
[  98% ] [90m[1msavepack[22m | 正在保存文件：res://scripts/desk_maze.gd.remap[39m[0m
[  98% ] [90m[1msavepack[22m | 正在保存文件：res://scripts/desk_maze_dressing.gd.remap[39m[0m
[  98% ] [90m[1msavepack[22m | 正在保存文件：res://scripts/desk_maze_kit.gd.remap[39m[0m
[  98% ] [90m[1msavepack[22m | 正在保存文件：res://scripts/desk_note_art.gd.remap[39m[0m
[  98% ] [90m[1msavepack[22m | 正在保存文件：res://scripts/game.gd.remap[39m[0m
[  98% ] [90m[1msavepack[22m | 正在保存文件：res://scripts/hud.gd.remap[39m[0m
[  98% ] [90m[1msavepack[22m | 正在保存文件：res://scripts/jack_lid_art.gd.remap[39m[0m
[  98% ] [90m[1msavepack[22m | 正在保存文件：res://scripts/main.gd.remap[39m[0m
[  98% ] [90m[1msavepack[22m | 正在保存文件：res://scripts/model_util.gd.remap[39m[0m
[  98% ] [90m[1msavepack[22m | 正在保存文件：res://scripts/player.gd.remap[39m[0m
[  98% ] [90m[1msavepack[22m | 正在保存文件：res://scripts/post_fx.gd.remap[39m[0m
[  98% ] [90m[1msavepack[22m | 正在保存文件：res://scripts/robot_rig.gd.remap[39m[0m
[  98% ] [90m[1msavepack[22m | 正在保存文件：res://scripts/robot_test.gd.remap[39m[0m
[  98% ] [90m[1msavepack[22m | 正在保存文件：res://scripts/room.gd.remap[39m[0m
[  98% ] [90m[1msavepack[22m | 正在保存文件：res://scripts/room_art.gd.remap[39m[0m
[  98% ] [90m[1msavepack[22m | 正在保存文件：res://scripts/room_structure_art.gd.remap[39m[0m
[  98% ] [90m[1msavepack[22m | 正在保存文件：res://scripts/stalker.gd.remap[39m[0m
[  98% ] [90m[1msavepack[22m | 正在保存文件：res://scripts/title.gd.remap[39m[0m
[  98% ] [90m[1msavepack[22m | 正在保存文件：res://scripts/tps_player.gd.remap[39m[0m
[  98% ] [90m[1msavepack[22m | 正在保存文件：res://.godot/global_script_class_cache.cfg[39m[0m
[  98% ] [90m[1msavepack[22m | 正在保存文件：res://.godot/uid_cache.bin[39m[0m
[  98% ] [90m[1msavepack[22m | 正在保存文件：res://project.binary[39m[0m
[92m[ DONE ][39m [1msavepack[22m
[0m
